"M:\Drawings","Convert.exe"
"M:\Drawings\Development_Released\Mechanical","11380002.bak"
"M:\Drawings\Development_Released\Mechanical","11380002.dwg"
"M:\Drawings\Development_Released\PDF","11380001.pdf"
"M:\Drawings\Development_Released\PDF","11380002.pdf"
"M:\Drawings\Development_Released\PDF","12759001.pdf"
"M:\Drawings\Development_Released\PDF","14376.pdf"
"M:\Drawings\Development_Released\PDF","17397.pdf"
"M:\Drawings\Development_Released\PDF","17751.pdf"
"M:\Drawings\Development_Released\PDF","17752.pdf"
"M:\Drawings\Development_Released\PDF","17772.pdf"
"M:\Drawings\Development_Released\PDF","17786.pdf"
"M:\Drawings\Development_Released\PDF","17794.pdf"
"M:\Drawings\Development_Released\PDF","17795.pdf"
"M:\Drawings\Development_Released\PDF","17796.pdf"
"M:\Drawings\Development_Released\PDF","17813.pdf"
"M:\Drawings\Development_Released\PDF","17815.PDF"
"M:\Drawings\Development_Released\PDF","17816.pdf"
"M:\Drawings\Development_Released\PDF","17826.pdf"
"M:\Drawings\Development_Released\PDF","17874.PDF"
"M:\Drawings\Development_Released\PDF","17883.pdf"
"M:\Drawings\Development_Released\PDF","17884.pdf"
"M:\Drawings\Development_Released\PDF","17886.pdf"
"M:\Drawings\Development_Released\PDF","17887.pdf"
"M:\Drawings\Development_Released\PDF","17888.pdf"
"M:\Drawings\Development_Released\PDF","17889.pdf"
"M:\Drawings\Development_Released\PDF","17890.pdf"
"M:\Drawings\Development_Released\PDF","17891.pdf"
"M:\Drawings\Development_Released\PDF","17892.pdf"
"M:\Drawings\Development_Released\PDF","17894.pdf"
"M:\Drawings\Development_Released\PDF","17906.PDF"
"M:\Drawings\Development_Released\PDF","17907.PDF"
"M:\Drawings\Development_Released\PDF","17908.PDF"
"M:\Drawings\Development_Released\PDF","17910.PDF"
"M:\Drawings\Development_Released\PDF","17911.pdf"
"M:\Drawings\Development_Released\PDF","17912.PDF"
"M:\Drawings\Development_Released\PDF","17921.PDF"
"M:\Drawings\Development_Released\PDF","17929.pdf"
"M:\Drawings\Development_Released\PDF","17937.PDF"
"M:\Drawings\Development_Released\PDF","17938.PDF"
"M:\Drawings\Development_Released\PDF","17939.pdf"
"M:\Drawings\Development_Released\PDF","17940.pdf"
"M:\Drawings\Development_Released\PDF","17944.pdf"
"M:\Drawings\Development_Released\PDF","17945.PDF"
"M:\Drawings\Development_Released\PDF","17946.PDF"
"M:\Drawings\Development_Released\PDF","17947.pdf"
"M:\Drawings\Development_Released\PDF","17948.PDF"
"M:\Drawings\Development_Released\PDF","17970.pdf"
"M:\Drawings\Development_Released\PDF","17975.pdf"
"M:\Drawings\Development_Released\PDF","17976.pdf"
"M:\Drawings\Development_Released\PDF","17977.pdf"
"M:\Drawings\Development_Released\PDF","17978.pdf"
"M:\Drawings\Development_Released\PDF","17979.pdf"
"M:\Drawings\Development_Released\PDF","17980.pdf"
"M:\Drawings\Development_Released\PDF","17981.pdf"
"M:\Drawings\Development_Released\PDF","17982.pdf"
"M:\Drawings\Development_Released\PDF","17984.pdf"
"M:\Drawings\Development_Released\PDF","17985.pdf"
"M:\Drawings\Development_Released\PDF","17986.pdf"
"M:\Drawings\Development_Released\PDF","17987.pdf"
"M:\Drawings\Development_Released\PDF","17988.pdf"
"M:\Drawings\Development_Released\PDF","17989.pdf"
"M:\Drawings\Development_Released\PDF","17990.pdf"
"M:\Drawings\Development_Released\PDF","17998.pdf"
"M:\Drawings\Development_Released\PDF","17999.pdf"
"M:\Drawings\Development_Released\PDF","18000.pdf"
"M:\Drawings\Development_Released\PDF","18004.pdf"
"M:\Drawings\Development_Released\PDF","18012.pdf"
"M:\Drawings\Development_Released\PDF","18013.pdf"
"M:\Drawings\Development_Released\PDF","18018.pdf"
"M:\Drawings\Development_Released\PDF","18028.pdf"
"M:\Drawings\Development_Released\PDF","18030.pdf"
"M:\Drawings\Development_Released\PDF","18039.pdf"
"M:\Drawings\Development_Released\PDF","18040.pdf"
"M:\Drawings\Development_Released\PDF","18081.pdf"
"M:\Drawings\Development_Released\PDF","18082.pdf"
"M:\Drawings\Development_Released\PDF","18087.pdf"
"M:\Drawings\Development_Released\PDF","18088.pdf"
"M:\Drawings\Development_Released\PDF","18089.pdf"
"M:\Drawings\Development_Released\PDF","18101.pdf"
"M:\Drawings\Development_Released\PDF","18102.pdf"
"M:\Drawings\Development_Released\PDF","18103.pdf"
"M:\Drawings\Development_Released\PDF","18118.pdf"
"M:\Drawings\Development_Released\PDF","18124.pdf"
"M:\Drawings\Development_Released\PDF","18144.pdf"
"M:\Drawings\Development_Released\PDF","18162.pdf"
"M:\Drawings\Development_Released\PDF","18163.PDF"
"M:\Drawings\Development_Released\PDF","18210.pdf"
"M:\Drawings\Development_Released\PDF","18217.pdf"
"M:\Drawings\Development_Released\PDF","18306.pdf"
"M:\Drawings\Development_Released\PDF","18308.pdf"
"M:\Drawings\Development_Released\PDF","18312.pdf"
"M:\Drawings\Development_Released\PDF","18313.pdf"
"M:\Drawings\Development_Released\PDF","18314.pdf"
"M:\Drawings\Development_Released\PDF","18316001.pdf"
"M:\Drawings\Development_Released\PDF","18317.pdf"
"M:\Drawings\Development_Released\PDF","18318.pdf"
"M:\Drawings\Development_Released\PDF","18325.pdf"
"M:\Drawings\Development_Released\PDF","18328.pdf"
"M:\Drawings\Development_Released\PDF","18417.pdf"
"M:\Drawings\Development_Released\PDF","18434.pdf"
"M:\Drawings\Development_Released\PDF","18448.pdf"
"M:\Drawings\Development_Released\PDF","18467.pdf"
"M:\Drawings\Development_Released\PDF","18537.pdf"
"M:\Drawings\Development_Released\PDF","18572.pdf"
"M:\Drawings\Development_Released\PDF","18624.pdf"
"M:\Drawings\Development_Released\PDF","18639.PDF"
"M:\Drawings\Development_Released\PDF","18670.pdf"
"M:\Drawings\Development_Released\PDF","18671.pdf"
"M:\Drawings\Development_Released\PDF","18685.pdf"
"M:\Drawings\Development_Released\PDF","18686.pdf"
"M:\Drawings\Development_Released\PDF","18687.pdf"
"M:\Drawings\Development_Released\PDF","18688.pdf"
"M:\Drawings\Development_Released\PDF","18689.pdf"
"M:\Drawings\Development_Released\PDF","18690.pdf"
"M:\Drawings\Development_Released\PDF","18700.pdf"
"M:\Drawings\Development_Released\PDF","18702.pdf"
"M:\Drawings\Development_Released\PDF","18819.pdf"
"M:\Drawings\Development_Released\PDF","18820.pdf"
"M:\Drawings\Development_Released\PDF","18821.pdf"
"M:\Drawings\Development_Released\PDF","18822.pdf"
"M:\Drawings\Development_Released\PDF","18824.pdf"
"M:\Drawings\Development_Released\PDF","18825.pdf"
"M:\Drawings\Development_Released\PDF","18829.pdf"
"M:\Drawings\Development_Released\PDF","18837.pdf"
"M:\Drawings\Development_Released\PDF","18838.pdf"
"M:\Drawings\Development_Released\PDF","18841.pdf"
"M:\Drawings\Development_Released\PDF","18845.pdf"
"M:\Drawings\Development_Released\PDF","18851.pdf"
"M:\Drawings\Development_Released\PDF","18852.pdf"
"M:\Drawings\Development_Released\PDF","18853.pdf"
"M:\Drawings\Development_Released\PDF","18934.pdf"
"M:\Drawings\Development_Released\PDF","18954.pdf"
"M:\Drawings\Development_Released\PDF","18957.pdf"
"M:\Drawings\Development_Released\PDF","19050.pdf"
"M:\Drawings\Development_Released\PDF","19051.pdf"
"M:\Drawings\Development_Released\PDF","19052.pdf"
"M:\Drawings\Development_Released\PDF","19053.pdf"
"M:\Drawings\Development_Released\PDF","19064.PDF"
"M:\Drawings\Development_Released\PDF","19149.pdf"
"M:\Drawings\Development_Released\PDF","19175.pdf"
"M:\Drawings\Development_Released\PDF","19176.pdf"
"M:\Drawings\Development_Released\PDF","19177.pdf"
"M:\Drawings\Development_Released\PDF","19178.pdf"
"M:\Drawings\Development_Released\PDF","19217.pdf"
"M:\Drawings\Development_Released\PDF","19254.PDF"
"M:\Drawings\Development_Released\PDF","19255.pdf"
"M:\Drawings\Development_Released\PDF","19273.PDF"
"M:\Drawings\Development_Released\PDF","19453.pdf"
"M:\Drawings\Development_Released\PDF","19455.pdf"
"M:\Drawings\Development_Released\PDF","19456.pdf"
"M:\Drawings\Development_Released\PDF","19459.pdf"
"M:\Drawings\Development_Released\PDF","19460.pdf"
"M:\Drawings\Development_Released\PDF","19461.pdf"
"M:\Drawings\Development_Released\PDF","19462.pdf"
"M:\Drawings\Development_Released\PDF","19463.pdf"
"M:\Drawings\Development_Released\PDF","19464.pdf"
"M:\Drawings\Development_Released\PDF","19467.pdf"
"M:\Drawings\Development_Released\PDF","19468.pdf"
"M:\Drawings\Development_Released\PDF","19469.pdf"
"M:\Drawings\Development_Released\PDF","19526.pdf"
"M:\Drawings\Development_Released\PDF","19570.pdf"
"M:\Drawings\Development_Released\PDF","19643.pdf"
"M:\Drawings\Development_Released\PDF","19695.pdf"
"M:\Drawings\Development_Released\PDF","19702.pdf"
"M:\Drawings\Development_Released\PDF","19703.pdf"
"M:\Drawings\Development_Released\PDF","19704.pdf"
"M:\Drawings\Development_Released\PDF","19706.pdf"
"M:\Drawings\Development_Released\PDF","19707.pdf"
"M:\Drawings\Development_Released\PDF","19708.pdf"
"M:\Drawings\Development_Released\PDF","19709.pdf"
"M:\Drawings\Development_Released\PDF","19710.pdf"
"M:\Drawings\Development_Released\PDF","19711.pdf"
"M:\Drawings\Development_Released\PDF","19732.pdf"
"M:\Drawings\Development_Released\PDF","19733.pdf"
"M:\Drawings\Development_Released\PDF","19734.pdf"
"M:\Drawings\Development_Released\PDF","19735.pdf"
"M:\Drawings\Development_Released\PDF","19736.pdf"
"M:\Drawings\Development_Released\PDF","19737.pdf"
"M:\Drawings\Development_Released\PDF","19738.pdf"
"M:\Drawings\Development_Released\PDF","19764.PDF"
"M:\Drawings\Development_Released\PDF","19765.PDF"
"M:\Drawings\Development_Released\PDF","19914.pdf"
"M:\Drawings\Development_Released\PDF","19956.pdf"
"M:\Drawings\Development_Released\PDF","20086.pdf"
"M:\Drawings\Development_Released\PDF","20100.pdf"
"M:\Drawings\Development_Released\PDF","20103.pdf"
"M:\Drawings\Development_Released\PDF","20105.pdf"
"M:\Drawings\Development_Released\PDF","20184.pdf"
"M:\Drawings\Development_Released\PDF","20441.pdf"
"M:\Drawings\Development_Released\PDF","20481.pdf"
"M:\Drawings\Development_Released\PDF","20539.pdf"
"M:\Drawings\Development_Released\PDF","20540.pdf"
"M:\Drawings\Development_Released\PDF","20541.pdf"
"M:\Drawings\Development_Released\PDF","20542.pdf"
"M:\Drawings\Development_Released\PDF","20543.pdf"
"M:\Drawings\Development_Released\PDF","20544.pdf"
"M:\Drawings\Development_Released\PDF","20563.pdf"
"M:\Drawings\Development_Released\PDF","20628.pdf"
"M:\Drawings\Development_Released\PDF","20709.pdf"
"M:\Drawings\Development_Released\PDF","20710.pdf"
"M:\Drawings\Development_Released\PDF","20740.pdf"
"M:\Drawings\Development_Released\PDF","20768.pdf"
"M:\Drawings\Development_Released\PDF","20769.pdf"
"M:\Drawings\Development_Released\PDF","20811.pdf"
"M:\Drawings\Development_Released\PDF","20824.pdf"
"M:\Drawings\Development_Released\PDF","20831.pdf"
"M:\Drawings\Development_Released\PDF","20837.pdf"
"M:\Drawings\Development_Released\PDF","20841.pdf"
"M:\Drawings\Development_Released\PDF","20859.pdf"
"M:\Drawings\Development_Released\PDF","20961.pdf"
"M:\Drawings\Development_Released\PDF","20962.pdf"
"M:\Drawings\Development_Released\PDF","20963.pdf"
"M:\Drawings\Development_Released\PDF","20999.pdf"
"M:\Drawings\Development_Released\PDF","21000.pdf"
"M:\Drawings\Development_Released\PDF","21006.pdf"
"M:\Drawings\Development_Released\PDF","21007.pdf"
"M:\Drawings\Development_Released\PDF","21009.pdf"
"M:\Drawings\Development_Released\PDF","21010.pdf"
"M:\Drawings\Development_Released\PDF","21070.pdf"
"M:\Drawings\Development_Released\PDF","21071.pdf"
"M:\Drawings\Development_Released\PDF","21072.pdf"
"M:\Drawings\Development_Released\PDF","21103.pdf"
"M:\Drawings\Development_Released\PDF","21185.pdf"
"M:\Drawings\Development_Released\PDF","21185001.pdf"
"M:\Drawings\Development_Released\PDF","21186.pdf"
"M:\Drawings\Development_Released\PDF","21198.pdf"
"M:\Drawings\Development_Released\PDF","21199.pdf"
"M:\Drawings\Development_Released\PDF","21203.pdf"
"M:\Drawings\Development_Released\PDF","21204.pdf"
"M:\Drawings\Development_Released\PDF","21205.pdf"
"M:\Drawings\Development_Released\PDF","21206.pdf"
"M:\Drawings\Development_Released\PDF","21207.pdf"
"M:\Drawings\Development_Released\PDF","21208.pdf"
"M:\Drawings\Development_Released\PDF","21209.pdf"
"M:\Drawings\Development_Released\PDF","21235.pdf"
"M:\Drawings\Development_Released\PDF","21238.pdf"
"M:\Drawings\Development_Released\PDF","21239.pdf"
"M:\Drawings\Development_Released\PDF","21297.PDF"
"M:\Drawings\Development_Released\PDF","21301.PDF"
"M:\Drawings\Development_Released\PDF","21302.PDF"
"M:\Drawings\Development_Released\PDF","21311.pdf"
"M:\Drawings\Development_Released\PDF","21312.pdf"
"M:\Drawings\Development_Released\PDF","21313.pdf"
"M:\Drawings\Development_Released\PDF","21314.pdf"
"M:\Drawings\Development_Released\PDF","21315.pdf"
"M:\Drawings\Development_Released\PDF","21316.pdf"
"M:\Drawings\Development_Released\PDF","21317.pdf"
"M:\Drawings\Development_Released\PDF","21318.pdf"
"M:\Drawings\Development_Released\PDF","21319.pdf"
"M:\Drawings\Development_Released\PDF","21320.pdf"
"M:\Drawings\Development_Released\PDF","21321.pdf"
"M:\Drawings\Development_Released\PDF","21322.pdf"
"M:\Drawings\Development_Released\PDF","21344.PDF"
"M:\Drawings\Development_Released\PDF","21345.PDF"
"M:\Drawings\Development_Released\PDF","21347.pdf"
"M:\Drawings\Development_Released\PDF","21383.pdf"
"M:\Drawings\Development_Released\PDF","21384.pdf"
"M:\Drawings\Development_Released\PDF","21385.PDF"
"M:\Drawings\Development_Released\PDF","21386.PDF"
"M:\Drawings\Development_Released\PDF","21408.pdf"
"M:\Drawings\Development_Released\PDF","21409.pdf"
"M:\Drawings\Development_Released\PDF","21410.pdf"
"M:\Drawings\Development_Released\PDF","21411.pdf"
"M:\Drawings\Development_Released\PDF","21412.pdf"
"M:\Drawings\Development_Released\PDF","21414.pdf"
"M:\Drawings\Development_Released\PDF","21415.pdf"
"M:\Drawings\Development_Released\PDF","21429.PDF"
"M:\Drawings\Development_Released\PDF","21430.PDF"
"M:\Drawings\Development_Released\PDF","21431.PDF"
"M:\Drawings\Development_Released\PDF","21432.pdf"
"M:\Drawings\Development_Released\PDF","21459.pdf"
"M:\Drawings\Development_Released\PDF","21462.pdf"
"M:\Drawings\Development_Released\PDF","21466.PDF"
"M:\Drawings\Development_Released\PDF","21503.PDF"
"M:\Drawings\Development_Released\PDF","21504.PDF"
"M:\Drawings\Development_Released\PDF","21506.pdf"
"M:\Drawings\Development_Released\PDF","21507.pdf"
"M:\Drawings\Development_Released\PDF","21517.pdf"
"M:\Drawings\Development_Released\PDF","21519.PDF"
"M:\Drawings\Development_Released\PDF","21520.PDF"
"M:\Drawings\Development_Released\PDF","21521.PDF"
"M:\Drawings\Development_Released\PDF","21531.PDF"
"M:\Drawings\Development_Released\PDF","21558.pdf"
"M:\Drawings\Development_Released\PDF","21573.pdf"
"M:\Drawings\Development_Released\PDF","21574.pdf"
"M:\Drawings\Development_Released\PDF","21592.PDF"
"M:\Drawings\Development_Released\PDF","21640.pdf"
"M:\Drawings\Development_Released\PDF","21641.pdf"
"M:\Drawings\Development_Released\PDF","21642.pdf"
"M:\Drawings\Development_Released\PDF","21643.PDF"
"M:\Drawings\Development_Released\PDF","21646.pdf"
"M:\Drawings\Development_Released\PDF","21772.PDF"
"M:\Drawings\Development_Released\PDF","21786.PDF"
"M:\Drawings\Development_Released\PDF","21787.PDF"
"M:\Drawings\Development_Released\PDF","21795.PDF"
"M:\Drawings\Development_Released\PDF","21796.PDF"
"M:\Drawings\Development_Released\PDF","21797.PDF"
"M:\Drawings\Development_Released\PDF","21858.PDF"
"M:\Drawings\Development_Released\PDF","21944.PDF"
"M:\Drawings\Development_Released\PDF","21945.PDF"
"M:\Drawings\Development_Released\PDF","21946.PDF"
"M:\Drawings\Development_Released\PDF","21947.PDF"
"M:\Drawings\Development_Released\PDF","21981.pdf"
"M:\Drawings\Development_Released\PDF","21982.pdf"
"M:\Drawings\Development_Released\PDF","21987.PDF"
"M:\Drawings\Development_Released\PDF","21988.PDF"
"M:\Drawings\Development_Released\PDF","21989.PDF"
"M:\Drawings\Development_Released\PDF","21990.PDF"
"M:\Drawings\Development_Released\PDF","21991.pdf"
"M:\Drawings\Development_Released\PDF","21993.PDF"
"M:\Drawings\Development_Released\PDF","21994.PDF"
"M:\Drawings\Development_Released\PDF","22006.PDF"
"M:\Drawings\Development_Released\PDF","22007.PDF"
"M:\Drawings\Development_Released\PDF","22008.PDF"
"M:\Drawings\Development_Released\PDF","22009.PDF"
"M:\Drawings\Development_Released\PDF","22015.PDF"
"M:\Drawings\Development_Released\PDF","22016.PDF"
"M:\Drawings\Development_Released\PDF","22023.pdf"
"M:\Drawings\Development_Released\PDF","22024.pdf"
"M:\Drawings\Development_Released\PDF","22025.pdf"
"M:\Drawings\Development_Released\PDF","22026.pdf"
"M:\Drawings\Development_Released\PDF","22027.pdf"
"M:\Drawings\Development_Released\PDF","22032.pdf"
"M:\Drawings\Development_Released\PDF","22036.pdf"
"M:\Drawings\Development_Released\PDF","22037.pdf"
"M:\Drawings\Development_Released\PDF","22093.pdf"
"M:\Drawings\Development_Released\PDF","22183.pdf"
"M:\Drawings\Development_Released\PDF","22191.pdf"
"M:\Drawings\Development_Released\PDF","22193.pdf"
"M:\Drawings\Development_Released\PDF","22197.pdf"
"M:\Drawings\Development_Released\PDF","22198.pdf"
"M:\Drawings\Development_Released\PDF","22200.pdf"
"M:\Drawings\Development_Released\PDF","22202.pdf"
"M:\Drawings\Development_Released\PDF","22230.pdf"
"M:\Drawings\Development_Released\PDF","22338.PDF"
"M:\Drawings\Development_Released\PDF","22382.PDF"
"M:\Drawings\Development_Released\PDF","22384.PDF"
"M:\Drawings\Development_Released\PDF","22388.PDF"
"M:\Drawings\Development_Released\PDF","22390.PDF"
"M:\Drawings\Development_Released\PDF","22392.PDF"
"M:\Drawings\Development_Released\PDF","22394.PDF"
"M:\Drawings\Development_Released\PDF","22438.PDF"
"M:\Drawings\Development_Released\PDF","22450.PDF"
"M:\Drawings\Development_Released\PDF","22452.PDF"
"M:\Drawings\Development_Released\PDF","22468.PDF"
"M:\Drawings\Development_Released\PDF","22469.PDF"
"M:\Drawings\Development_Released\PDF","22589.PDF"
"M:\Drawings\Development_Released\PDF","22590.PDF"
"M:\Drawings\Development_Released\PDF","22591.PDF"
"M:\Drawings\Development_Released\PDF","22609.pdf"
"M:\Drawings\Development_Released\PDF","22676.PDF"
"M:\Drawings\Development_Released\PDF","22703.PDF"
"M:\Drawings\Development_Released\PDF","22704.PDF"
"M:\Drawings\Development_Released\PDF","22706.pdf"
"M:\Drawings\Development_Released\PDF","22708.pdf"
"M:\Drawings\Development_Released\PDF","22785.PDF"
"M:\Drawings\Development_Released\PDF","22792.pdf"
"M:\Drawings\Development_Released\PDF","22803.PDF"
"M:\Drawings\Development_Released\PDF","22804.PDF"
"M:\Drawings\Development_Released\PDF","22809.pdf"
"M:\Drawings\Development_Released\PDF","22823.PDF"
"M:\Drawings\Development_Released\PDF","22828.pdf"
"M:\Drawings\Development_Released\PDF","22829.pdf"
"M:\Drawings\Development_Released\PDF","22834.PDF"
"M:\Drawings\Development_Released\PDF","22837.PDF"
"M:\Drawings\Development_Released\PDF","22853.PDF"
"M:\Drawings\Development_Released\PDF","22854.PDF"
"M:\Drawings\Development_Released\PDF","22872.pdf"
"M:\Drawings\Development_Released\PDF","22880.pdf"
"M:\Drawings\Development_Released\PDF","22881.pdf"
"M:\Drawings\Development_Released\PDF","22896.pdf"
"M:\Drawings\Development_Released\PDF","22897.pdf"
"M:\Drawings\Development_Released\PDF","22906.PDF"
"M:\Drawings\Development_Released\PDF","22922.pdf"
"M:\Drawings\Development_Released\PDF","22932.pdf"
"M:\Drawings\Development_Released\PDF","22945.pdf"
"M:\Drawings\Development_Released\PDF","22947.pdf"
"M:\Drawings\Development_Released\PDF","22949.PDF"
"M:\Drawings\Development_Released\PDF","22961.PDF"
"M:\Drawings\Development_Released\PDF","22962.PDF"
"M:\Drawings\Development_Released\PDF","22963.PDF"
"M:\Drawings\Development_Released\PDF","22964.PDF"
"M:\Drawings\Development_Released\PDF","22976.PDF"
"M:\Drawings\Development_Released\PDF","22996.PDF"
"M:\Drawings\Development_Released\PDF","22998.PDF"
"M:\Drawings\Development_Released\PDF","23000.PDF"
"M:\Drawings\Development_Released\PDF","23018.pdf"
"M:\Drawings\Development_Released\PDF","23033.pdf"
"M:\Drawings\Development_Released\PDF","23036.pdf"
"M:\Drawings\Development_Released\PDF","23037.PDF"
"M:\Drawings\Development_Released\PDF","23040.PDF"
"M:\Drawings\Development_Released\PDF","23046.PDF"
"M:\Drawings\Development_Released\PDF","23051.pdf"
"M:\Drawings\Development_Released\PDF","23057.pdf"
"M:\Drawings\Development_Released\PDF","23058.pdf"
"M:\Drawings\Development_Released\PDF","23065.PDF"
"M:\Drawings\Development_Released\PDF","23075.PDF"
"M:\Drawings\Development_Released\PDF","23111.pdf"
"M:\Drawings\Development_Released\PDF","23116.pdf"
"M:\Drawings\Development_Released\PDF","23117.pdf"
"M:\Drawings\Development_Released\PDF","23118.PDF"
"M:\Drawings\Development_Released\PDF","23119.PDF"
"M:\Drawings\Development_Released\PDF","23120.PDF"
"M:\Drawings\Development_Released\PDF","23146.pdf"
"M:\Drawings\Development_Released\PDF","23147.pdf"
"M:\Drawings\Development_Released\PDF","23174 .pdf"
"M:\Drawings\Development_Released\PDF","23192.PDF"
"M:\Drawings\Development_Released\PDF","23207.pdf"
"M:\Drawings\Development_Released\PDF","23220.PDF"
"M:\Drawings\Development_Released\PDF","23223.PDF"
"M:\Drawings\Development_Released\PDF","23224.PDF"
"M:\Drawings\Development_Released\PDF","23225.PDF"
"M:\Drawings\Development_Released\PDF","23226.pdf"
"M:\Drawings\Development_Released\PDF","23233.PDF"
"M:\Drawings\Development_Released\PDF","23234.pdf"
"M:\Drawings\Development_Released\PDF","23258.pdf"
"M:\Drawings\Development_Released\PDF","23267.PDF"
"M:\Drawings\Development_Released\PDF","23268.PDF"
"M:\Drawings\Development_Released\PDF","23269.PDF"
"M:\Drawings\Development_Released\PDF","23270.PDF"
"M:\Drawings\Development_Released\PDF","23272.PDF"
"M:\Drawings\Development_Released\PDF","23273.PDF"
"M:\Drawings\Development_Released\PDF","23279.PDF"
"M:\Drawings\Development_Released\PDF","23281.PDF"
"M:\Drawings\Development_Released\PDF","23310.pdf"
"M:\Drawings\Development_Released\PDF","23311.pdf"
"M:\Drawings\Development_Released\PDF","23312.pdf"
"M:\Drawings\Development_Released\PDF","23313.pdf"
"M:\Drawings\Development_Released\PDF","23339.PDF"
"M:\Drawings\Development_Released\PDF","23341.PDF"
"M:\Drawings\Development_Released\PDF","23359.pdf"
"M:\Drawings\Development_Released\PDF","23360.pdf"
"M:\Drawings\Development_Released\PDF","23361.pdf"
"M:\Drawings\Development_Released\PDF","23362.PDF"
"M:\Drawings\Development_Released\PDF","23363.PDF"
"M:\Drawings\Development_Released\PDF","23364 .pdf"
"M:\Drawings\Development_Released\PDF","23365.pdf"
"M:\Drawings\Development_Released\PDF","23366.pdf"
"M:\Drawings\Development_Released\PDF","23383.PDF"
"M:\Drawings\Development_Released\PDF","23391.PDF"
"M:\Drawings\Development_Released\PDF","23392.PDF"
"M:\Drawings\Development_Released\PDF","23393.pdf"
"M:\Drawings\Development_Released\PDF","23395.PDF"
"M:\Drawings\Development_Released\PDF","23427001.PDF"
"M:\Drawings\Development_Released\PDF","23429001.PDF"
"M:\Drawings\Development_Released\PDF","23430.pdf"
"M:\Drawings\Development_Released\PDF","23431.pdf"
"M:\Drawings\Development_Released\PDF","23442.pdf"
"M:\Drawings\Development_Released\PDF","23456.PDF"
"M:\Drawings\Development_Released\PDF","23457.PDF"
"M:\Drawings\Development_Released\PDF","23500-001.PDF"
"M:\Drawings\Development_Released\PDF","23500.PDF"
"M:\Drawings\Development_Released\PDF","23501-001.PDF"
"M:\Drawings\Development_Released\PDF","23501.PDF"
"M:\Drawings\Development_Released\PDF","23507.pdf"
"M:\Drawings\Development_Released\PDF","23518.PDF"
"M:\Drawings\Development_Released\PDF","23519.PDF"
"M:\Drawings\Development_Released\PDF","23520.PDF"
"M:\Drawings\Development_Released\PDF","23522.pdf"
"M:\Drawings\Development_Released\PDF","23523.pdf"
"M:\Drawings\Development_Released\PDF","23526.PDF"
"M:\Drawings\Development_Released\PDF","23527.PDF"
"M:\Drawings\Development_Released\PDF","23528.PDF"
"M:\Drawings\Development_Released\PDF","23533.PDF"
"M:\Drawings\Development_Released\PDF","23534.PDF"
"M:\Drawings\Development_Released\PDF","23535.PDF"
"M:\Drawings\Development_Released\PDF","23537.pdf"
"M:\Drawings\Development_Released\PDF","23538.pdf"
"M:\Drawings\Development_Released\PDF","23544.pdf"
"M:\Drawings\Development_Released\PDF","23550.pdf"
"M:\Drawings\Development_Released\PDF","23570.pdf"
"M:\Drawings\Development_Released\PDF","23571.PDF"
"M:\Drawings\Development_Released\PDF","23577.pdf"
"M:\Drawings\Development_Released\PDF","23578.pdf"
"M:\Drawings\Development_Released\PDF","23590.pdf"
"M:\Drawings\Development_Released\PDF","23593.pdf"
"M:\Drawings\Development_Released\PDF","23594.pdf"
"M:\Drawings\Development_Released\PDF","23604.PDF"
"M:\Drawings\Development_Released\PDF","23686.PDF"
"M:\Drawings\Development_Released\PDF","23688.PDF"
"M:\Drawings\Development_Released\PDF","23690.PDF"
"M:\Drawings\Development_Released\PDF","23691.PDF"
"M:\Drawings\Development_Released\PDF","23694.PDF"
"M:\Drawings\Development_Released\PDF","23695.PDF"
"M:\Drawings\Development_Released\PDF","23696.pdf"
"M:\Drawings\Development_Released\PDF","23697.PDF"
"M:\Drawings\Development_Released\PDF","23712.pdf"
"M:\Drawings\Development_Released\PDF","23721.PDF"
"M:\Drawings\Development_Released\PDF","23771.PDF"
"M:\Drawings\Development_Released\PDF","23772.PDF"
"M:\Drawings\Development_Released\PDF","23773.PDF"
"M:\Drawings\Development_Released\PDF","23809.PDF"
"M:\Drawings\Development_Released\PDF","23841.PDF"
"M:\Drawings\Development_Released\PDF","23842.pdf"
"M:\Drawings\Development_Released\PDF","23843.PDF"
"M:\Drawings\Development_Released\PDF","23880.PDF"
"M:\Drawings\Development_Released\PDF","23881.PDF"
"M:\Drawings\Development_Released\PDF","23887.PDF"
"M:\Drawings\Development_Released\PDF","23924.PDF"
"M:\Drawings\Development_Released\PDF","23926.pdf"
"M:\Drawings\Development_Released\PDF","23935.pdf"
"M:\Drawings\Development_Released\PDF","23936.pdf"
"M:\Drawings\Development_Released\PDF","23938.pdf"
"M:\Drawings\Development_Released\PDF","23939.pdf"
"M:\Drawings\Development_Released\PDF","23940.pdf"
"M:\Drawings\Development_Released\PDF","23961.pdf"
"M:\Drawings\Development_Released\PDF","23981.pdf"
"M:\Drawings\Development_Released\PDF","23982.PDF"
"M:\Drawings\Development_Released\PDF","23983.pdf"
"M:\Drawings\Development_Released\PDF","23984.PDF"
"M:\Drawings\Development_Released\PDF","23985.PDF"
"M:\Drawings\Development_Released\PDF","23986.PDF"
"M:\Drawings\Development_Released\PDF","23987.PDF"
"M:\Drawings\Development_Released\PDF","23988.PDF"
"M:\Drawings\Development_Released\PDF","23989.PDF"
"M:\Drawings\Development_Released\PDF","23990.PDF"
"M:\Drawings\Development_Released\PDF","23991.PDF"
"M:\Drawings\Development_Released\PDF","23992.PDF"
"M:\Drawings\Development_Released\PDF","23993.PDF"
"M:\Drawings\Development_Released\PDF","23994.PDF"
"M:\Drawings\Development_Released\PDF","23996.PDF"
"M:\Drawings\Development_Released\PDF","24032.PDF"
"M:\Drawings\Development_Released\PDF","24054.PDF"
"M:\Drawings\Development_Released\PDF","24055.PDF"
"M:\Drawings\Development_Released\PDF","24059.PDF"
"M:\Drawings\Development_Released\PDF","24060.PDF"
"M:\Drawings\Development_Released\PDF","24061.PDF"
"M:\Drawings\Development_Released\PDF","24063.PDF"
"M:\Drawings\Development_Released\PDF","24064.PDF"
"M:\Drawings\Development_Released\PDF","24079.PDF"
"M:\Drawings\Development_Released\PDF","24080.PDF"
"M:\Drawings\Development_Released\PDF","24109.PDF"
"M:\Drawings\Development_Released\PDF","24110.PDF"
"M:\Drawings\Development_Released\PDF","24179-001.pdf"
"M:\Drawings\Development_Released\PDF","24179-002.pdf"
"M:\Drawings\Development_Released\PDF","24180.PDF"
"M:\Drawings\Development_Released\PDF","24183.PDF"
"M:\Drawings\Development_Released\PDF","24185.PDF"
"M:\Drawings\Development_Released\PDF","24209.PDF"
"M:\Drawings\Development_Released\PDF","24229.PDF"
"M:\Drawings\Development_Released\PDF","24244.PDF"
"M:\Drawings\Development_Released\PDF","24283.PDF"
"M:\Drawings\Development_Released\PDF","24289.PDF"
"M:\Drawings\Development_Released\PDF","24319.PDF"
"M:\Drawings\Development_Released\PDF","24320.PDF"
"M:\Drawings\Development_Released\PDF","24324.PDF"
"M:\Drawings\Development_Released\PDF","24337.pdf"
"M:\Drawings\Development_Released\PDF","24338.PDF"
"M:\Drawings\Development_Released\PDF","24340.PDF"
"M:\Drawings\Development_Released\PDF","24341.PDF"
"M:\Drawings\Development_Released\PDF","24350.PDF"
"M:\Drawings\Development_Released\PDF","24351.PDF"
"M:\Drawings\Development_Released\PDF","24352.PDF"
"M:\Drawings\Development_Released\PDF","24353.PDF"
"M:\Drawings\Development_Released\PDF","24395.PDF"
"M:\Drawings\Development_Released\PDF","24397.PDF"
"M:\Drawings\Development_Released\PDF","24399.PDF"
"M:\Drawings\Development_Released\PDF","24407.PDF"
"M:\Drawings\Development_Released\PDF","24415.PDF"
"M:\Drawings\Development_Released\PDF","24416.PDF"
"M:\Drawings\Development_Released\PDF","24434.PDF"
"M:\Drawings\Development_Released\PDF","24436.PDF"
"M:\Drawings\Development_Released\PDF","24442.PDF"
"M:\Drawings\Development_Released\PDF","24446.PDF"
"M:\Drawings\Development_Released\PDF","24468.PDF"
"M:\Drawings\Development_Released\PDF","24469.PDF"
"M:\Drawings\Development_Released\PDF","24486.PDF"
"M:\Drawings\Development_Released\PDF","24487.PDF"
"M:\Drawings\Development_Released\PDF","24537.PDF"
"M:\Drawings\Development_Released\PDF","24552.PDF"
"M:\Drawings\Development_Released\PDF","24611.PDF"
"M:\Drawings\Development_Released\PDF","24613.PDF"
"M:\Drawings\Development_Released\PDF","24641.PDF"
"M:\Drawings\Development_Released\PDF","24653.PDF"
"M:\Drawings\Development_Released\PDF","24678.PDF"
"M:\Drawings\Development_Released\PDF","24679.PDF"
"M:\Drawings\Development_Released\PDF","24680.PDF"
"M:\Drawings\Development_Released\PDF","24681.pdf"
"M:\Drawings\Development_Released\PDF","24682.PDF"
"M:\Drawings\Development_Released\PDF","24685.PDF"
"M:\Drawings\Development_Released\PDF","24686.PDF"
"M:\Drawings\Development_Released\PDF","24688.PDF"
"M:\Drawings\Development_Released\PDF","24689.PDF"
"M:\Drawings\Development_Released\PDF","24737.PDF"
"M:\Drawings\Development_Released\PDF","24870.PDF"
"M:\Drawings\Development_Released\PDF","24874.PDF"
"M:\Drawings\Development_Released\PDF","24944001.PDF"
"M:\Drawings\Development_Released\PDF","24996.PDF"
"M:\Drawings\Development_Released\PDF","25021.PDF"
"M:\Drawings\Development_Released\PDF","25031.PDF"
"M:\Drawings\Development_Released\PDF","25043.PDF"
"M:\Drawings\Development_Released\PDF","25045.pdf"
"M:\Drawings\Development_Released\PDF","25136.PDF"
"M:\Drawings\Development_Released\PDF","25146.PDF"
"M:\Drawings\Development_Released\PDF","25168.pdf"
"M:\Drawings\Development_Released\PDF","25169.pdf"
"M:\Drawings\Development_Released\PDF","25215.PDF"
"M:\Drawings\Development_Released\PDF","25216.PDF"
"M:\Drawings\Development_Released\PDF","25251.PDF"
"M:\Drawings\Development_Released\PDF","25252.PDF"
"M:\Drawings\Development_Released\PDF","25253.PDF"
"M:\Drawings\Development_Released\PDF","25254.PDF"
"M:\Drawings\Development_Released\PDF","25413.PDF"
"M:\Drawings\Development_Released\PDF","25416.PDF"
"M:\Drawings\Development_Released\PDF","25419.PDF"
"M:\Drawings\Development_Released\PDF","25420.PDF"
"M:\Drawings\Development_Released\PDF","25421.PDF"
"M:\Drawings\Development_Released\PDF","25422.PDF"
"M:\Drawings\Development_Released\PDF","25423.PDF"
"M:\Drawings\Development_Released\PDF","25424.PDF"
"M:\Drawings\Development_Released\PDF","25425.PDF"
"M:\Drawings\Development_Released\PDF","25426.PDF"
"M:\Drawings\Development_Released\PDF","25427.PDF"
"M:\Drawings\Development_Released\PDF","25428.PDF"
"M:\Drawings\Development_Released\PDF","25452.PDF"
"M:\Drawings\Development_Released\PDF","25453.PDF"
"M:\Drawings\Development_Released\PDF","25457.PDF"
"M:\Drawings\Development_Released\PDF","25458.PDF"
"M:\Drawings\Development_Released\PDF","25459.PDF"
"M:\Drawings\Development_Released\PDF","25460.PDF"
"M:\Drawings\Development_Released\PDF","25608.PDF"
"M:\Drawings\Development_Released\PDF","25609.PDF"
"M:\Drawings\Development_Released\PDF","25610.pdf"
"M:\Drawings\Development_Released\PDF","25611.pdf"
"M:\Drawings\Development_Released\PDF","25635.pdf"
"M:\Drawings\Development_Released\PDF","25639.PDF"
"M:\Drawings\Development_Released\PDF","25657.pdf"
"M:\Drawings\Development_Released\PDF","25673.PDF"
"M:\Drawings\Development_Released\PDF","25685.PDF"
"M:\Drawings\Development_Released\PDF","25686.PDF"
"M:\Drawings\Development_Released\PDF","25693.PDF"
"M:\Drawings\Development_Released\PDF","25695.PDF"
"M:\Drawings\Development_Released\PDF","25696.PDF"
"M:\Drawings\Development_Released\PDF","25731.PDF"
"M:\Drawings\Development_Released\PDF","25733-001.PDF"
"M:\Drawings\Development_Released\PDF","25740.PDF"
"M:\Drawings\Development_Released\PDF","25742.PDF"
"M:\Drawings\Development_Released\PDF","25743.PDF"
"M:\Drawings\Development_Released\PDF","25827.pdf"
"M:\Drawings\Development_Released\PDF","25844.PDF"
"M:\Drawings\Development_Released\PDF","25845.PDF"
"M:\Drawings\Development_Released\PDF","25846.PDF"
"M:\Drawings\Development_Released\PDF","25847.PDF"
"M:\Drawings\Development_Released\PDF","25848.PDF"
"M:\Drawings\Development_Released\PDF","25849.PDF"
"M:\Drawings\Development_Released\PDF","25850.PDF"
"M:\Drawings\Development_Released\PDF","25871.PDF"
"M:\Drawings\Development_Released\PDF","25872.PDF"
"M:\Drawings\Development_Released\PDF","25873.PDF"
"M:\Drawings\Development_Released\PDF","25874.PDF"
"M:\Drawings\Development_Released\PDF","25879.PDF"
"M:\Drawings\Development_Released\PDF","25883.pdf"
"M:\Drawings\Development_Released\PDF","25896.PDF"
"M:\Drawings\Development_Released\PDF","25897.PDF"
"M:\Drawings\Development_Released\PDF","25898.PDF"
"M:\Drawings\Development_Released\PDF","25899.PDF"
"M:\Drawings\Development_Released\PDF","25900.PDF"
"M:\Drawings\Development_Released\PDF","25901.PDF"
"M:\Drawings\Development_Released\PDF","25916.PDF"
"M:\Drawings\Development_Released\PDF","25917.PDF"
"M:\Drawings\Development_Released\PDF","25918.PDF"
"M:\Drawings\Development_Released\PDF","25919.PDF"
"M:\Drawings\Development_Released\PDF","25920.pdf"
"M:\Drawings\Development_Released\PDF","25923.PDF"
"M:\Drawings\Development_Released\PDF","25924.PDF"
"M:\Drawings\Development_Released\PDF","25925.pdf"
"M:\Drawings\Development_Released\PDF","25926.PDF"
"M:\Drawings\Development_Released\PDF","25927.PDF"
"M:\Drawings\Development_Released\PDF","25937.PDF"
"M:\Drawings\Development_Released\PDF","25938.PDF"
"M:\Drawings\Development_Released\PDF","25939.pdf"
"M:\Drawings\Development_Released\PDF","25940.PDF"
"M:\Drawings\Development_Released\PDF","25941.PDF"
"M:\Drawings\Development_Released\PDF","25942.PDF"
"M:\Drawings\Development_Released\PDF","25951.PDF"
"M:\Drawings\Development_Released\PDF","25952.PDF"
"M:\Drawings\Development_Released\PDF","25953.pdf"
"M:\Drawings\Development_Released\PDF","25954.PDF"
"M:\Drawings\Development_Released\PDF","25955.PDF"
"M:\Drawings\Development_Released\PDF","25956.PDF"
"M:\Drawings\Development_Released\PDF","26031.PDF"
"M:\Drawings\Development_Released\PDF","26032.pdf"
"M:\Drawings\Development_Released\PDF","26033.pdf"
"M:\Drawings\Development_Released\PDF","26034.PDF"
"M:\Drawings\Development_Released\PDF","26035.PDF"
"M:\Drawings\Development_Released\PDF","26042.PDF"
"M:\Drawings\Development_Released\PDF","26044.PDF"
"M:\Drawings\Development_Released\PDF","26063.PDF"
"M:\Drawings\Development_Released\PDF","26103.pdf"
"M:\Drawings\Development_Released\PDF","26247.pdf"
"M:\Drawings\Development_Released\PDF","26248.PDF"
"M:\Drawings\Development_Released\PDF","26249.PDF"
"M:\Drawings\Development_Released\PDF","26250.pdf"
"M:\Drawings\Development_Released\PDF","26284.PDF"
"M:\Drawings\Development_Released\PDF","26290.PDF"
"M:\Drawings\Development_Released\PDF","26301.pdf"
"M:\Drawings\Development_Released\PDF","26312.PDF"
"M:\Drawings\Development_Released\PDF","26334.PDF"
"M:\Drawings\Development_Released\PDF","26341.pdf"
"M:\Drawings\Development_Released\PDF","26343.PDF"
"M:\Drawings\Development_Released\PDF","26352.PDF"
"M:\Drawings\Development_Released\PDF","26353.pdf"
"M:\Drawings\Development_Released\PDF","26356.PDF"
"M:\Drawings\Development_Released\PDF","26357.PDF"
"M:\Drawings\Development_Released\PDF","26358.PDF"
"M:\Drawings\Development_Released\PDF","26362.PDF"
"M:\Drawings\Development_Released\PDF","26363.pdf"
"M:\Drawings\Development_Released\PDF","26366.pdf"
"M:\Drawings\Development_Released\PDF","26367.PDF"
"M:\Drawings\Development_Released\PDF","26368.PDF"
"M:\Drawings\Development_Released\PDF","26369.PDF"
"M:\Drawings\Development_Released\PDF","26370.PDF"
"M:\Drawings\Development_Released\PDF","26371.PDF"
"M:\Drawings\Development_Released\PDF","26372.PDF"
"M:\Drawings\Development_Released\PDF","26373.PDF"
"M:\Drawings\Development_Released\PDF","26456.PDF"
"M:\Drawings\Development_Released\PDF","26466.pdf"
"M:\Drawings\Development_Released\PDF","26472.PDF"
"M:\Drawings\Development_Released\PDF","26473.PDF"
"M:\Drawings\Development_Released\PDF","26481.pdf"
"M:\Drawings\Development_Released\PDF","26482.pdf"
"M:\Drawings\Development_Released\PDF","26484.PDF"
"M:\Drawings\Development_Released\PDF","26488.PDF"
"M:\Drawings\Development_Released\PDF","26489.PDF"
"M:\Drawings\Development_Released\PDF","26490.pdf"
"M:\Drawings\Development_Released\PDF","26512.pdf"
"M:\Drawings\Development_Released\PDF","26525.pdf"
"M:\Drawings\Development_Released\PDF","26526.pdf"
"M:\Drawings\Development_Released\PDF","26533.pdf"
"M:\Drawings\Development_Released\PDF","26534.pdf"
"M:\Drawings\Development_Released\PDF","26535.pdf"
"M:\Drawings\Development_Released\PDF","26543.pdf"
"M:\Drawings\Development_Released\PDF","26548.PDF"
"M:\Drawings\Development_Released\PDF","26549.PDF"
"M:\Drawings\Development_Released\PDF","26550.PDF"
"M:\Drawings\Development_Released\PDF","26552.PDF"
"M:\Drawings\Development_Released\PDF","26622.PDF"
"M:\Drawings\Development_Released\PDF","26623.PDF"
"M:\Drawings\Development_Released\PDF","26638.pdf"
"M:\Drawings\Development_Released\PDF","26665.PDF"
"M:\Drawings\Development_Released\PDF","26666.PDF"
"M:\Drawings\Development_Released\PDF","26667.pdf"
"M:\Drawings\Development_Released\PDF","26668.pdf"
"M:\Drawings\Development_Released\PDF","26727.PDF"
"M:\Drawings\Development_Released\PDF","26739.PDF"
"M:\Drawings\Development_Released\PDF","26771.pdf"
"M:\Drawings\Development_Released\PDF","26772.pdf"
"M:\Drawings\Development_Released\PDF","26774.pdf"
"M:\Drawings\Development_Released\PDF","26803.PDF"
"M:\Drawings\Development_Released\PDF","26813.PDF"
"M:\Drawings\Development_Released\PDF","26814.PDF"
"M:\Drawings\Development_Released\PDF","26815.PDF"
"M:\Drawings\Development_Released\PDF","26816.PDF"
"M:\Drawings\Development_Released\PDF","26830.PDF"
"M:\Drawings\Development_Released\PDF","26832.pdf"
"M:\Drawings\Development_Released\PDF","26842.PDF"
"M:\Drawings\Development_Released\PDF","26853.PDF"
"M:\Drawings\Development_Released\PDF","26854.PDF"
"M:\Drawings\Development_Released\PDF","26857.PDF"
"M:\Drawings\Development_Released\PDF","26858.PDF"
"M:\Drawings\Development_Released\PDF","26859.PDF"
"M:\Drawings\Development_Released\PDF","26863.pdf"
"M:\Drawings\Development_Released\PDF","26888.PDF"
"M:\Drawings\Development_Released\PDF","26939.PDF"
"M:\Drawings\Development_Released\PDF","26941.PDF"
"M:\Drawings\Development_Released\PDF","26944.PDF"
"M:\Drawings\Development_Released\PDF","26945.PDF"
"M:\Drawings\Development_Released\PDF","26952.PDF"
"M:\Drawings\Development_Released\PDF","26953.PDF"
"M:\Drawings\Development_Released\PDF","26954.PDF"
"M:\Drawings\Development_Released\PDF","26963.PDF"
"M:\Drawings\Development_Released\PDF","26964.PDF"
"M:\Drawings\Development_Released\PDF","26966.PDF"
"M:\Drawings\Development_Released\PDF","26970.PDF"
"M:\Drawings\Development_Released\PDF","26971.pdf"
"M:\Drawings\Development_Released\PDF","26972.PDF"
"M:\Drawings\Development_Released\PDF","26984.PDF"
"M:\Drawings\Development_Released\PDF","26985.PDF"
"M:\Drawings\Development_Released\PDF","26992.PDF"
"M:\Drawings\Development_Released\PDF","26995.PDF"
"M:\Drawings\Development_Released\PDF","26999.PDF"
"M:\Drawings\Development_Released\PDF","27000.PDF"
"M:\Drawings\Development_Released\PDF","27007.pdf"
"M:\Drawings\Development_Released\PDF","27016.PDF"
"M:\Drawings\Development_Released\PDF","27028.pdf"
"M:\Drawings\Development_Released\PDF","27030.pdf"
"M:\Drawings\Development_Released\PDF","27031.pdf"
"M:\Drawings\Development_Released\PDF","27033.pdf"
"M:\Drawings\Development_Released\PDF","27035.pdf"
"M:\Drawings\Development_Released\PDF","27071.PDF"
"M:\Drawings\Development_Released\PDF","27072.PDF"
"M:\Drawings\Development_Released\PDF","27076.PDF"
"M:\Drawings\Development_Released\PDF","27079.pdf"
"M:\Drawings\Development_Released\PDF","27081.pdf"
"M:\Drawings\Development_Released\PDF","27108.pdf"
"M:\Drawings\Development_Released\PDF","27110.pdf"
"M:\Drawings\Development_Released\PDF","27120.pdf"
"M:\Drawings\Development_Released\PDF","27121.pdf"
"M:\Drawings\Development_Released\PDF","27122.pdf"
"M:\Drawings\Development_Released\PDF","27123.pdf"
"M:\Drawings\Development_Released\PDF","27124.pdf"
"M:\Drawings\Development_Released\PDF","27125.pdf"
"M:\Drawings\Development_Released\PDF","27128.pdf"
"M:\Drawings\Development_Released\PDF","27129.pdf"
"M:\Drawings\Development_Released\PDF","27130.PDF"
"M:\Drawings\Development_Released\PDF","27131.PDF"
"M:\Drawings\Development_Released\PDF","27132.PDF"
"M:\Drawings\Development_Released\PDF","27186.PDF"
"M:\Drawings\Development_Released\PDF","27187.PDF"
"M:\Drawings\Development_Released\PDF","27188.PDF"
"M:\Drawings\Development_Released\PDF","27189.PDF"
"M:\Drawings\Development_Released\PDF","27201.pdf"
"M:\Drawings\Development_Released\PDF","27260.pdf"
"M:\Drawings\Development_Released\PDF","27262.pdf"
"M:\Drawings\Development_Released\PDF","27263.pdf"
"M:\Drawings\Development_Released\PDF","27291.PDF"
"M:\Drawings\Development_Released\PDF","27292.PDF"
"M:\Drawings\Development_Released\PDF","27293.PDF"
"M:\Drawings\Development_Released\PDF","27294.PDF"
"M:\Drawings\Development_Released\PDF","27295.PDF"
"M:\Drawings\Development_Released\PDF","27296.PDF"
"M:\Drawings\Development_Released\PDF","27297.PDF"
"M:\Drawings\Development_Released\PDF","27298.PDF"
"M:\Drawings\Development_Released\PDF","27366.PDF"
"M:\Drawings\Development_Released\PDF","27367.PDF"
"M:\Drawings\Development_Released\PDF","27375.pdf"
"M:\Drawings\Development_Released\PDF","27376.pdf"
"M:\Drawings\Development_Released\PDF","27379.pdf"
"M:\Drawings\Development_Released\PDF","27445.PDF"
"M:\Drawings\Development_Released\PDF","27453.PDF"
"M:\Drawings\Development_Released\PDF","27519.pdf"
"M:\Drawings\Development_Released\PDF","27521.pdf"
"M:\Drawings\Development_Released\PDF","27528.PDF"
"M:\Drawings\Development_Released\PDF","27553.PDF"
"M:\Drawings\Development_Released\PDF","27554.PDF"
"M:\Drawings\Development_Released\PDF","27555.PDF"
"M:\Drawings\Development_Released\PDF","27556.PDF"
"M:\Drawings\Development_Released\PDF","27558.pdf"
"M:\Drawings\Development_Released\PDF","27566.PDF"
"M:\Drawings\Development_Released\PDF","27567.PDF"
"M:\Drawings\Development_Released\PDF","27570.pdf"
"M:\Drawings\Development_Released\PDF","27571.PDF"
"M:\Drawings\Development_Released\PDF","27603.pdf"
"M:\Drawings\Development_Released\PDF","27604.pdf"
"M:\Drawings\Development_Released\PDF","27605.pdf"
"M:\Drawings\Development_Released\PDF","27624.pdf"
"M:\Drawings\Development_Released\PDF","27625.pdf"
"M:\Drawings\Development_Released\PDF","27626.PDF"
"M:\Drawings\Development_Released\PDF","27632.PDF"
"M:\Drawings\Development_Released\PDF","27675.PDF"
"M:\Drawings\Development_Released\PDF","27679.PDF"
"M:\Drawings\Development_Released\PDF","27681.PDF"
"M:\Drawings\Development_Released\PDF","27685.PDF"
"M:\Drawings\Development_Released\PDF","27687.PDF"
"M:\Drawings\Development_Released\PDF","27688.PDF"
"M:\Drawings\Development_Released\PDF","27689.PDF"
"M:\Drawings\Development_Released\PDF","27690.PDF"
"M:\Drawings\Development_Released\PDF","27691.PDF"
"M:\Drawings\Development_Released\PDF","27692.PDF"
"M:\Drawings\Development_Released\PDF","27693.PDF"
"M:\Drawings\Development_Released\PDF","27694.PDF"
"M:\Drawings\Development_Released\PDF","27695.PDF"
"M:\Drawings\Development_Released\PDF","27704.pdf"
"M:\Drawings\Development_Released\PDF","27705.pdf"
"M:\Drawings\Development_Released\PDF","27706.pdf"
"M:\Drawings\Development_Released\PDF","27707.pdf"
"M:\Drawings\Development_Released\PDF","27724.PDF"
"M:\Drawings\Development_Released\PDF","27725.pdf"
"M:\Drawings\Development_Released\PDF","27726.pdf"
"M:\Drawings\Development_Released\PDF","27727.pdf"
"M:\Drawings\Development_Released\PDF","27728.pdf"
"M:\Drawings\Development_Released\PDF","27729.pdf"
"M:\Drawings\Development_Released\PDF","27730.pdf"
"M:\Drawings\Development_Released\PDF","27783.pdf"
"M:\Drawings\Development_Released\PDF","27786.pdf"
"M:\Drawings\Development_Released\PDF","27837,TDS.pdf"
"M:\Drawings\Development_Released\PDF","27852.PDF"
"M:\Drawings\Development_Released\PDF","27862.PDF"
"M:\Drawings\Development_Released\PDF","27899.PDF"
"M:\Drawings\Development_Released\PDF","27900.PDF"
"M:\Drawings\Development_Released\PDF","27901.PDF"
"M:\Drawings\Development_Released\PDF","27902.PDF"
"M:\Drawings\Development_Released\PDF","27903.PDF"
"M:\Drawings\Development_Released\PDF","27904.PDF"
"M:\Drawings\Development_Released\PDF","27905.PDF"
"M:\Drawings\Development_Released\PDF","27906.PDF"
"M:\Drawings\Development_Released\PDF","27907.PDF"
"M:\Drawings\Development_Released\PDF","27908.PDF"
"M:\Drawings\Development_Released\PDF","27909.PDF"
"M:\Drawings\Development_Released\PDF","27910.PDF"
"M:\Drawings\Development_Released\PDF","27911.PDF"
"M:\Drawings\Development_Released\PDF","27912.PDF"
"M:\Drawings\Development_Released\PDF","27932.PDF"
"M:\Drawings\Development_Released\PDF","27933.PDF"
"M:\Drawings\Development_Released\PDF","27934.PDF"
"M:\Drawings\Development_Released\PDF","27935.PDF"
"M:\Drawings\Development_Released\PDF","27936.PDF"
"M:\Drawings\Development_Released\PDF","27938.PDF"
"M:\Drawings\Development_Released\PDF","27958.pdf"
"M:\Drawings\Development_Released\PDF","27959.pdf"
"M:\Drawings\Development_Released\PDF","27960.pdf"
"M:\Drawings\Development_Released\PDF","27961.pdf"
"M:\Drawings\Development_Released\PDF","27962.pdf"
"M:\Drawings\Development_Released\PDF","27967.PDF"
"M:\Drawings\Development_Released\PDF","27968.PDF"
"M:\Drawings\Development_Released\PDF","27969.PDF"
"M:\Drawings\Development_Released\PDF","27970.PDF"
"M:\Drawings\Development_Released\PDF","27971.PDF"
"M:\Drawings\Development_Released\PDF","27972.PDF"
"M:\Drawings\Development_Released\PDF","27973.pdf"
"M:\Drawings\Development_Released\PDF","28009.PDF"
"M:\Drawings\Development_Released\PDF","28031.PDF"
"M:\Drawings\Development_Released\PDF","28037.pdf"
"M:\Drawings\Development_Released\PDF","28041.pdf"
"M:\Drawings\Development_Released\PDF","28057.PDF"
"M:\Drawings\Development_Released\PDF","28058.pdf"
"M:\Drawings\Development_Released\PDF","28059.pdf"
"M:\Drawings\Development_Released\PDF","28060.pdf"
"M:\Drawings\Development_Released\PDF","28063.PDF"
"M:\Drawings\Development_Released\PDF","28068.PDF"
"M:\Drawings\Development_Released\PDF","28076.PDF"
"M:\Drawings\Development_Released\PDF","28078.pdf"
"M:\Drawings\Development_Released\PDF","28079.pdf"
"M:\Drawings\Development_Released\PDF","28098.pdf"
"M:\Drawings\Development_Released\PDF","28117.pdf"
"M:\Drawings\Development_Released\PDF","28118.pdf"
"M:\Drawings\Development_Released\PDF","28119.pdf"
"M:\Drawings\Development_Released\PDF","28120.pdf"
"M:\Drawings\Development_Released\PDF","28121.pdf"
"M:\Drawings\Development_Released\PDF","28122.pdf"
"M:\Drawings\Development_Released\PDF","28123.pdf"
"M:\Drawings\Development_Released\PDF","28124.pdf"
"M:\Drawings\Development_Released\PDF","28125.pdf"
"M:\Drawings\Development_Released\PDF","28128.pdf"
"M:\Drawings\Development_Released\PDF","28148.pdf"
"M:\Drawings\Development_Released\PDF","28152.pdf"
"M:\Drawings\Development_Released\PDF","28153.pdf"
"M:\Drawings\Development_Released\PDF","28171.PDF"
"M:\Drawings\Development_Released\PDF","28172.PDF"
"M:\Drawings\Development_Released\PDF","28173.PDF"
"M:\Drawings\Development_Released\PDF","28175.PDF"
"M:\Drawings\Development_Released\PDF","28185.PDF"
"M:\Drawings\Development_Released\PDF","28186.PDF"
"M:\Drawings\Development_Released\PDF","28187.PDF"
"M:\Drawings\Development_Released\PDF","28188.pdf"
"M:\Drawings\Development_Released\PDF","28189.pdf"
"M:\Drawings\Development_Released\PDF","28192.pdf"
"M:\Drawings\Development_Released\PDF","28228.PDF"
"M:\Drawings\Development_Released\PDF","28229.PDF"
"M:\Drawings\Development_Released\PDF","28234.PDF"
"M:\Drawings\Development_Released\PDF","28235.PDF"
"M:\Drawings\Development_Released\PDF","28239.PDF"
"M:\Drawings\Development_Released\PDF","28243.PDF"
"M:\Drawings\Development_Released\PDF","28244.PDF"
"M:\Drawings\Development_Released\PDF","28245.PDF"
"M:\Drawings\Development_Released\PDF","28246.PDF"
"M:\Drawings\Development_Released\PDF","28247.PDF"
"M:\Drawings\Development_Released\PDF","28248.PDF"
"M:\Drawings\Development_Released\PDF","28249.PDF"
"M:\Drawings\Development_Released\PDF","28267.PDF"
"M:\Drawings\Development_Released\PDF","28348.PDF"
"M:\Drawings\Development_Released\PDF","28349.PDF"
"M:\Drawings\Development_Released\PDF","28385.PDF"
"M:\Drawings\Development_Released\PDF","28404.PDF"
"M:\Drawings\Development_Released\PDF","28405.PDF"
"M:\Drawings\Development_Released\PDF","28481.PDF"
"M:\Drawings\Development_Released\PDF","28482.PDF"
"M:\Drawings\Development_Released\PDF","28483.PDF"
"M:\Drawings\Development_Released\PDF","28489.pdf"
"M:\Drawings\Development_Released\PDF","28490.pdf"
"M:\Drawings\Development_Released\PDF","28491.pdf"
"M:\Drawings\Development_Released\PDF","28545.pdf"
"M:\Drawings\Development_Released\PDF","28552.PDF"
"M:\Drawings\Development_Released\PDF","28587.PDF"
"M:\Drawings\Development_Released\PDF","28603.pdf"
"M:\Drawings\Development_Released\PDF","28606.PDF"
"M:\Drawings\Development_Released\PDF","28607.pdf"
"M:\Drawings\Development_Released\PDF","28608.pdf"
"M:\Drawings\Development_Released\PDF","28609.PDF"
"M:\Drawings\Development_Released\PDF","28611.pdf"
"M:\Drawings\Development_Released\PDF","28628.pdf"
"M:\Drawings\Development_Released\PDF","28629.pdf"
"M:\Drawings\Development_Released\PDF","28630.pdf"
"M:\Drawings\Development_Released\PDF","28631.pdf"
"M:\Drawings\Development_Released\PDF","28632.pdf"
"M:\Drawings\Development_Released\PDF","28633.pdf"
"M:\Drawings\Development_Released\PDF","28634.pdf"
"M:\Drawings\Development_Released\PDF","28635.pdf"
"M:\Drawings\Development_Released\PDF","28643.pdf"
"M:\Drawings\Development_Released\PDF","28644.pdf"
"M:\Drawings\Development_Released\PDF","28646.pdf"
"M:\Drawings\Development_Released\PDF","28673.pdf"
"M:\Drawings\Development_Released\PDF","28700.PDF"
"M:\Drawings\Development_Released\PDF","28713.PDF"
"M:\Drawings\Development_Released\PDF","28723.pdf"
"M:\Drawings\Development_Released\PDF","28761.pdf"
"M:\Drawings\Development_Released\PDF","28762.pdf"
"M:\Drawings\Development_Released\PDF","28763.pdf"
"M:\Drawings\Development_Released\PDF","28765.pdf"
"M:\Drawings\Development_Released\PDF","28831.pdf"
"M:\Drawings\Development_Released\PDF","28835.pdf"
"M:\Drawings\Development_Released\PDF","28836.pdf"
"M:\Drawings\Development_Released\PDF","28838.PDF"
"M:\Drawings\Development_Released\PDF","28840.pdf"
"M:\Drawings\Development_Released\PDF","28841.PDF"
"M:\Drawings\Development_Released\PDF","28851.PDF"
"M:\Drawings\Development_Released\PDF","28976.pdf"
"M:\Drawings\Development_Released\PDF","29067.pdf"
"M:\Drawings\Development_Released\PDF","29127.pdf"
"M:\Drawings\Development_Released\PDF","29147.pdf"
"M:\Drawings\Development_Released\PDF","29159.PDF"
"M:\Drawings\Development_Released\PDF","29160.PDF"
"M:\Drawings\Development_Released\PDF","29203.pdf"
"M:\Drawings\Development_Released\PDF","29217.pdf"
"M:\Drawings\Development_Released\PDF","29220.pdf"
"M:\Drawings\Development_Released\PDF","29221.pdf"
"M:\Drawings\Development_Released\PDF","29248.PDF"
"M:\Drawings\Development_Released\PDF","29249.PDF"
"M:\Drawings\Development_Released\PDF","29250.PDF"
"M:\Drawings\Development_Released\PDF","29251.PDF"
"M:\Drawings\Development_Released\PDF","29252.PDF"
"M:\Drawings\Development_Released\PDF","29306.PDF"
"M:\Drawings\Development_Released\PDF","29316.pdf"
"M:\Drawings\Development_Released\PDF","29317.PDF"
"M:\Drawings\Development_Released\PDF","29318.PDF"
"M:\Drawings\Development_Released\PDF","29319.PDF"
"M:\Drawings\Development_Released\PDF","29320.PDF"
"M:\Drawings\Development_Released\PDF","29321.PDF"
"M:\Drawings\Development_Released\PDF","29323.PDF"
"M:\Drawings\Development_Released\PDF","29353.pdf"
"M:\Drawings\Development_Released\PDF","29354.pdf"
"M:\Drawings\Development_Released\PDF","29355.pdf"
"M:\Drawings\Development_Released\PDF","29356.pdf"
"M:\Drawings\Development_Released\PDF","29357.PDF"
"M:\Drawings\Development_Released\PDF","29369.pdf"
"M:\Drawings\Development_Released\PDF","29370.pdf"
"M:\Drawings\Development_Released\PDF","29371.pdf"
"M:\Drawings\Development_Released\PDF","29390.PDF"
"M:\Drawings\Development_Released\PDF","29392.pdf"
"M:\Drawings\Development_Released\PDF","29393.pdf"
"M:\Drawings\Development_Released\PDF","29394.pdf"
"M:\Drawings\Development_Released\PDF","29395.pdf"
"M:\Drawings\Development_Released\PDF","29396.pdf"
"M:\Drawings\Development_Released\PDF","29397.PDF"
"M:\Drawings\Development_Released\PDF","29398.pdf"
"M:\Drawings\Development_Released\PDF","29399.PDF"
"M:\Drawings\Development_Released\PDF","29400.pdf"
"M:\Drawings\Development_Released\PDF","29407.pdf"
"M:\Drawings\Development_Released\PDF","29408.pdf"
"M:\Drawings\Development_Released\PDF","29409.PDF"
"M:\Drawings\Development_Released\PDF","29410.PDF"
"M:\Drawings\Development_Released\PDF","29423.PDF"
"M:\Drawings\Development_Released\PDF","29424.PDF"
"M:\Drawings\Development_Released\PDF","29425.PDF"
"M:\Drawings\Development_Released\PDF","29426.pdf"
"M:\Drawings\Development_Released\PDF","29428.pdf"
"M:\Drawings\Development_Released\PDF","29429.pdf"
"M:\Drawings\Development_Released\PDF","29430.pdf"
"M:\Drawings\Development_Released\PDF","29431.pdf"
"M:\Drawings\Development_Released\PDF","29434.pdf"
"M:\Drawings\Development_Released\PDF","29435.PDF"
"M:\Drawings\Development_Released\PDF","29436.PDF"
"M:\Drawings\Development_Released\PDF","29437.PDF"
"M:\Drawings\Development_Released\PDF","29443.PDF"
"M:\Drawings\Development_Released\PDF","29474.pdf"
"M:\Drawings\Development_Released\PDF","29483.pdf"
"M:\Drawings\Development_Released\PDF","29484.pdf"
"M:\Drawings\Development_Released\PDF","29485.pdf"
"M:\Drawings\Development_Released\PDF","29513.PDF"
"M:\Drawings\Development_Released\PDF","29514.PDF"
"M:\Drawings\Development_Released\PDF","29515.PDF"
"M:\Drawings\Development_Released\PDF","29516.PDF"
"M:\Drawings\Development_Released\PDF","29534.pdf"
"M:\Drawings\Development_Released\PDF","29556.PDF"
"M:\Drawings\Development_Released\PDF","29588.PDF"
"M:\Drawings\Development_Released\PDF","29596.PDF"
"M:\Drawings\Development_Released\PDF","29597.PDF"
"M:\Drawings\Development_Released\PDF","29598.PDF"
"M:\Drawings\Development_Released\PDF","29599.PDF"
"M:\Drawings\Development_Released\PDF","29603.PDF"
"M:\Drawings\Development_Released\PDF","29622.PDF"
"M:\Drawings\Development_Released\PDF","29623.pdf"
"M:\Drawings\Development_Released\PDF","29672.pdf"
"M:\Drawings\Development_Released\PDF","29677.PDF"
"M:\Drawings\Development_Released\PDF","29681.PDF"
"M:\Drawings\Development_Released\PDF","29686.PDF"
"M:\Drawings\Development_Released\PDF","29687.PDF"
"M:\Drawings\Development_Released\PDF","29688.PDF"
"M:\Drawings\Development_Released\PDF","29695.pdf"
"M:\Drawings\Development_Released\PDF","29696.pdf"
"M:\Drawings\Development_Released\PDF","29697.pdf"
"M:\Drawings\Development_Released\PDF","29698.pdf"
"M:\Drawings\Development_Released\PDF","29699.pdf"
"M:\Drawings\Development_Released\PDF","29724.pdf"
"M:\Drawings\Development_Released\PDF","29744.PDF"
"M:\Drawings\Development_Released\PDF","29745.PDF"
"M:\Drawings\Development_Released\PDF","29746.PDF"
"M:\Drawings\Development_Released\PDF","29752.pdf"
"M:\Drawings\Development_Released\PDF","29863.pdf"
"M:\Drawings\Development_Released\PDF","29864.pdf"
"M:\Drawings\Development_Released\PDF","29865.pdf"
"M:\Drawings\Development_Released\PDF","29870.pdf"
"M:\Drawings\Development_Released\PDF","29871.pdf"
"M:\Drawings\Development_Released\PDF","29872.pdf"
"M:\Drawings\Development_Released\PDF","29873.pdf"
"M:\Drawings\Development_Released\PDF","29874.pdf"
"M:\Drawings\Development_Released\PDF","29875.pdf"
"M:\Drawings\Development_Released\PDF","29876.pdf"
"M:\Drawings\Development_Released\PDF","29877.pdf"
"M:\Drawings\Development_Released\PDF","29878.pdf"
"M:\Drawings\Development_Released\PDF","29879.pdf"
"M:\Drawings\Development_Released\PDF","29880.pdf"
"M:\Drawings\Development_Released\PDF","29881.pdf"
"M:\Drawings\Development_Released\PDF","29882.pdf"
"M:\Drawings\Development_Released\PDF","29883.pdf"
"M:\Drawings\Development_Released\PDF","29884.pdf"
"M:\Drawings\Development_Released\PDF","29899.PDF"
"M:\Drawings\Development_Released\PDF","29974.PDF"
"M:\Drawings\Development_Released\PDF","29975.PDF"
"M:\Drawings\Development_Released\PDF","29980.PDF"
"M:\Drawings\Development_Released\PDF","30016.PDF"
"M:\Drawings\Development_Released\PDF","30031.PDF"
"M:\Drawings\Development_Released\PDF","30032.PDF"
"M:\Drawings\Development_Released\PDF","30106.PDF"
"M:\Drawings\Development_Released\PDF","30107.PDF"
"M:\Drawings\Development_Released\PDF","30108.PDF"
"M:\Drawings\Development_Released\PDF","30109.PDF"
"M:\Drawings\Development_Released\PDF","30110.PDF"
"M:\Drawings\Development_Released\PDF","30111.PDF"
"M:\Drawings\Development_Released\PDF","30124.PDF"
"M:\Drawings\Development_Released\PDF","30125.PDF"
"M:\Drawings\Development_Released\PDF","30139.pdf"
"M:\Drawings\Development_Released\PDF","30140.pdf"
"M:\Drawings\Development_Released\PDF","30141.pdf"
"M:\Drawings\Development_Released\PDF","30142.pdf"
"M:\Drawings\Development_Released\PDF","30143.pdf"
"M:\Drawings\Development_Released\PDF","30144.pdf"
"M:\Drawings\Development_Released\PDF","30145.pdf"
"M:\Drawings\Development_Released\PDF","30147.pdf"
"M:\Drawings\Development_Released\PDF","30148.pdf"
"M:\Drawings\Development_Released\PDF","30149.pdf"
"M:\Drawings\Development_Released\PDF","30150.pdf"
"M:\Drawings\Development_Released\PDF","30151.pdf"
"M:\Drawings\Development_Released\PDF","30152.pdf"
"M:\Drawings\Development_Released\PDF","30159.PDF"
"M:\Drawings\Development_Released\PDF","30160.PDF"
"M:\Drawings\Development_Released\PDF","30161.PDF"
"M:\Drawings\Development_Released\PDF","30162.PDF"
"M:\Drawings\Development_Released\PDF","30163.PDF"
"M:\Drawings\Development_Released\PDF","30164.PDF"
"M:\Drawings\Development_Released\PDF","30165.PDF"
"M:\Drawings\Development_Released\PDF","30166.PDF"
"M:\Drawings\Development_Released\PDF","30167.PDF"
"M:\Drawings\Development_Released\PDF","30168.PDF"
"M:\Drawings\Development_Released\PDF","30169.PDF"
"M:\Drawings\Development_Released\PDF","30170.PDF"
"M:\Drawings\Development_Released\PDF","30171.PDF"
"M:\Drawings\Development_Released\PDF","30172.PDF"
"M:\Drawings\Development_Released\PDF","30180.PDF"
"M:\Drawings\Development_Released\PDF","30200.pdf"
"M:\Drawings\Development_Released\PDF","30201.pdf"
"M:\Drawings\Development_Released\PDF","30207.pdf"
"M:\Drawings\Development_Released\PDF","30208.pdf"
"M:\Drawings\Development_Released\PDF","30224.PDF"
"M:\Drawings\Development_Released\PDF","30225.PDF"
"M:\Drawings\Development_Released\PDF","30259.PDF"
"M:\Drawings\Development_Released\PDF","30296.pdf"
"M:\Drawings\Development_Released\PDF","30343.pdf"
"M:\Drawings\Development_Released\PDF","30366.pdf"
"M:\Drawings\Development_Released\PDF","30388.pdf"
"M:\Drawings\Development_Released\PDF","30457.pdf"
"M:\Drawings\Development_Released\PDF","30458.pdf"
"M:\Drawings\Development_Released\PDF","30459.pdf"
"M:\Drawings\Development_Released\PDF","30460.pdf"
"M:\Drawings\Development_Released\PDF","30461.pdf"
"M:\Drawings\Development_Released\PDF","30462.pdf"
"M:\Drawings\Development_Released\PDF","30463.pdf"
"M:\Drawings\Development_Released\PDF","30464.PDF"
"M:\Drawings\Development_Released\PDF","30527.pdf"
"M:\Drawings\Development_Released\PDF","30546.pdf"
"M:\Drawings\Development_Released\PDF","30548.pdf"
"M:\Drawings\Development_Released\PDF","30551.pdf"
"M:\Drawings\Development_Released\PDF","30583.PDF"
"M:\Drawings\Development_Released\PDF","30584.pdf"
"M:\Drawings\Development_Released\PDF","30585.pdf"
"M:\Drawings\Development_Released\PDF","30637.PDF"
"M:\Drawings\Development_Released\PDF","30638.PDF"
"M:\Drawings\Development_Released\PDF","30639.PDF"
"M:\Drawings\Development_Released\PDF","30772.pdf"
"M:\Drawings\Development_Released\PDF","30780.pdf"
"M:\Drawings\Development_Released\PDF","30781.pdf"
"M:\Drawings\Development_Released\PDF","30782.pdf"
"M:\Drawings\Development_Released\PDF","30783.pdf"
"M:\Drawings\Development_Released\PDF","30784.pdf"
"M:\Drawings\Development_Released\PDF","30785.pdf"
"M:\Drawings\Development_Released\PDF","30786.pdf"
"M:\Drawings\Development_Released\PDF","30787.pdf"
"M:\Drawings\Development_Released\PDF","30790.pdf"
"M:\Drawings\Development_Released\PDF","30857.pdf"
"M:\Drawings\Development_Released\PDF","30858.pdf"
"M:\Drawings\Development_Released\PDF","30888.pdf"
"M:\Drawings\Development_Released\PDF","30889.pdf"
"M:\Drawings\Development_Released\PDF","30891.pdf"
"M:\Drawings\Development_Released\PDF","30892.pdf"
"M:\Drawings\Development_Released\PDF","30893.pdf"
"M:\Drawings\Development_Released\PDF","30894.pdf"
"M:\Drawings\Development_Released\PDF","30895.pdf"
"M:\Drawings\Development_Released\PDF","30900.pdf"
"M:\Drawings\Development_Released\PDF","30901.pdf"
"M:\Drawings\Development_Released\PDF","30902.pdf"
"M:\Drawings\Development_Released\PDF","30903.pdf"
"M:\Drawings\Development_Released\PDF","903122.pdf"
"M:\Drawings\Development_Released\PDF","903127.pdf"
"M:\Drawings\Development_Released\PDF","903149.pdf"
"M:\Drawings\Development_Released\PDF","904870.pdf"
"M:\Drawings\Development_Released\PDF","904983.pdf"
"M:\Drawings\Development_Released\PDF","904985.pdf"
"M:\Drawings\Development_Released\PDF","905076.pdf"
"M:\Drawings\Development_Released\PDF","905193.pdf"
"M:\Drawings\Development_Released\PDF","905194.pdf"
"M:\Drawings\Development_Released\PDF","907152.pdf"
"M:\Drawings\Development_Released\PDF","907211.pdf"
"M:\Drawings\Development_Released\PDF","Thumbs.db"
"M:\Drawings\Development_Released\Solid_Models","25562.STEP"
"M:\Drawings\Development_Released\Solid_Models","25834.STEP"
"M:\Drawings\Development_Released\Solid_Models","26502.STEP"
"M:\Drawings\Development_Released\Solid_Models","Thumbs.db"
"M:\Drawings\Development_Released\Solid_Models\17823","17823.SLDPRT"
"M:\Drawings\Development_Released\Solid_Models\17823","17823.STEP"
"M:\Drawings\Development_Released\Solid_Models\17823","Thumbs.db"
"M:\Drawings\Development_Released\Solid_Models\18079","18079.SLDPRT"
"M:\Drawings\Development_Released\Solid_Models\18079","Thumbs.db"
"M:\Drawings\Development_Released\Solid_Models\18111","18111.SLDPRT"
"M:\Drawings\Development_Released\Solid_Models\18111","18111.STEP"
"M:\Drawings\Development_Released\Solid_Models\18218","18218.SLDPRT"
"M:\Drawings\Development_Released\Solid_Models\18218","18218.STEP"
"M:\Drawings\Development_Released\Solid_Models\18220","18220.SLDPRT"
"M:\Drawings\Development_Released\Solid_Models\18220","18220.STEP"
"M:\Drawings\Development_Released\Solid_Models\18691","18691.SLDPRT"
"M:\Drawings\Development_Released\Solid_Models\18691","18691.STEP"
"M:\Drawings\Development_Released\Solid_Models\18758","18758.SLDPRT"
"M:\Drawings\Development_Released\Solid_Models\18758","18758.STEP"
"M:\Drawings\Development_Released\Solid_Models\18758","Thumbs.db"
"M:\Drawings\Development_Released\Solid_Models\18808","18775.SLDASM"
"M:\Drawings\Development_Released\Solid_Models\18808","18808.SLDPRT"
"M:\Drawings\Development_Released\Solid_Models\18808","18808.STEP"
"M:\Drawings\Development_Released\Solid_Models\18816","18775.SLDASM"
"M:\Drawings\Development_Released\Solid_Models\18816","18816.SLDPRT"
"M:\Drawings\Development_Released\Solid_Models\18816","18816.STEP"
"M:\Drawings\Development_Released\Solid_Models\21283","21283.SLDPRT"
"M:\Drawings\Development_Released\Solid_Models\21283","21283.STEP"
"M:\Drawings\Development_Released\Solid_Models\22362","22362.sldprt"
"M:\Drawings\Development_Released\Solid_Models\22362","22362.STEP"
"M:\Drawings\Development_Released\Solid_Models\22362","Thumbs.db"
"M:\Drawings\Development_Released\Solid_Models\22366","22366.sldprt"
"M:\Drawings\Development_Released\Solid_Models\22366","22366.STEP"
"M:\Drawings\Development_Released\Solid_Models\22368","22368.sldprt"
"M:\Drawings\Development_Released\Solid_Models\22368","22368.STEP"
"M:\Drawings\Development_Released\Solid_Models\22368","Thumbs.db"
"M:\Drawings\Development_Released\Solid_Models\22377","22377.SLDPRT"
"M:\Drawings\Development_Released\Solid_Models\22377","22377.STEP"
"M:\Drawings\Development_Released\Solid_Models\22379","22379.SLDPRT"
"M:\Drawings\Development_Released\Solid_Models\22379","22379.STEP"
"M:\Drawings\Development_Released\Solid_Models\22379","Thumbs.db"
"M:\Drawings\Development_Released\Solid_Models\22381","22381.sldprt"
"M:\Drawings\Development_Released\Solid_Models\22381","22381.STEP"
"M:\Drawings\Development_Released\Solid_Models\22381","Thumbs.db"
"M:\Drawings\Development_Released\Solid_Models\22395","22395.SLDPRT"
"M:\Drawings\Development_Released\Solid_Models\22395","22395.STEP"
"M:\Drawings\Development_Released\Solid_Models\22395","Thumbs.db"
"M:\Drawings\Development_Released\Solid_Models\22411","22411.SLDPRT"
"M:\Drawings\Development_Released\Solid_Models\22411","22411.STEP"
"M:\Drawings\Development_Released\Solid_Models\22411","Thumbs.db"
"M:\Drawings\Development_Released\Solid_Models\25547","25547.STEP"
"M:\Drawings\Development_Released\Specifications","23547.docx"
"M:\Drawings\Development_Released\Specifications","23864.pdf"
"M:\Drawings\Development_Released\Specifications","23866.pdf"
"M:\Drawings\Development_Released\Specifications","24650.doc"
"M:\Drawings\Development_Released\Specifications","25635.PDF"
"M:\Drawings\Development_Released\Specifications","29537.pdf"
"M:\Drawings\Development_Released\Specifications","29551.pdf"
"M:\Drawings\Development_Released\Specifications","29553.pdf"
"M:\Drawings\Development_Released\Waveforms","18471-WFQS10MFLDVT-10-43K1PTKLP-1BV6.csv"
"M:\Drawings\Development_Released\Waveforms","18471-WFQS10MFLDVT-10-43K1PTKLP-1BV6.JPG"
"M:\Drawings\Development_Released\Waveforms","18472-WFQS10MFLDVT-20-30K3PSTTR-1BV6.csv"
"M:\Drawings\Development_Released\Waveforms","18472-WFQS10MFLDVT-20-30K3PSTTR-1BV6.JPG"
"M:\Drawings\Development_Released\Waveforms","18473-WFQS10MFLDVT-30-20K4PSTTR-1BV6.csv"
"M:\Drawings\Development_Released\Waveforms","18473-WFQS10MFLDVT-30-20K4PSTTR-1BV6.JPG"
"M:\Drawings\Development_Released\Waveforms","18474-WFQS10INKDVT-10-50K1PTKLP-DS40.ini"
"M:\Drawings\Development_Released\Waveforms","18474-WFQS10INKDVT-10-50K1PTKLP-DS40.JPG"
"M:\Drawings\Development_Released\Waveforms","18475-WFQS10INKDVT-20-30K3PSTTR-DS40.ini"
"M:\Drawings\Development_Released\Waveforms","18475-WFQS10INKDVT-20-30K3PSTTR-DS40.JPG"
"M:\Drawings\Development_Released\Waveforms","18476-WFQS10INKDVT-30-20K4PSTTR-DS40.ini"
"M:\Drawings\Development_Released\Waveforms","18476-WFQS10INKDVT-30-20K4PSTTR-DS40.JPG"
"M:\Drawings\Development_Released\Waveforms","18477-WFQS10INKDVT-10-49K1PTKLP-1BV6.csv"
"M:\Drawings\Development_Released\Waveforms","18477-WFQS10INKDVT-10-49K1PTKLP-1BV6.JPG"
"M:\Drawings\Development_Released\Waveforms","18478-WFQS10INKDVT-20-30K3PSTTR-1BV6.csv"
"M:\Drawings\Development_Released\Waveforms","18478-WFQS10INKDVT-20-30K3PSTTR-1BV6.JPG"
"M:\Drawings\Development_Released\Waveforms","18479-WFQS10INKDVT-30-20K4PSTTR-1BV6.csv"
"M:\Drawings\Development_Released\Waveforms","18479-WFQS10INKDVT-30-20K4PSTTR-1BV6.JPG"
"M:\Drawings\Development_Released\Waveforms","18645-WFQS10UVBX00-30-22KQDL147-2BV9.csv"
"M:\Drawings\Development_Released\Waveforms","18645-WFQS10UVBX00-30-22KQDL147-2BV9csv.jpg"
"M:\Drawings\Development_Released\Waveforms","18646-WFQS10UVBX00-28-23KTP+TKP-2BV8.csv"
"M:\Drawings\Development_Released\Waveforms","18646-WFQS10UVBX00-28-23KTP+TKP-2BV8csv.jpg"
"M:\Drawings\Development_Released\Waveforms","18987-WFQS10UVBX00-28-24KTPJSSO_2bV8.csv"
"M:\Drawings\Development_Released\Waveforms","18987-WFQS10UVBX00-28-24KTPJSSO_2bV8csv.jpg"
"M:\Drawings\Development_Released\Waveforms","19109-WFQS10WT867m-30-18kQuadTR-2bV6.csv"
"M:\Drawings\Development_Released\Waveforms","19109-WFQS10WT867m-30-18kQuadTR-2bV6.jpg"
"M:\Drawings\Development_Released\Waveforms","19145-WFPQ15SHYCLRDVT-30-30K2PTRP4-DS40.ini"
"M:\Drawings\Development_Released\Waveforms","19145-WFPQ15SHYCLRDVT-30-30K2PTRP4-DS40.INI.JPG"
"M:\Drawings\Development_Released\Waveforms","19146-WFPQ15SHYCLRDVT-30-30K2PTRP6-DS40.ini"
"M:\Drawings\Development_Released\Waveforms","19146-WFPQ15SHYCLRDVT-30-30K2PTRP6-DS40.INI.JPG"
"M:\Drawings\Development_Released\Waveforms","19147-WFPQ15SHYCLRDVT-15-40K1PTRP6-DS40.ini"
"M:\Drawings\Development_Released\Waveforms","19147-WFPQ15SHYCLRDVT-15-40K1PTRP6-DS40.INI.JPG"
"M:\Drawings\Development_Released\Waveforms","19152-WFPQ15INKWINDVT-30-30K2PTRP4-DS40.ini"
"M:\Drawings\Development_Released\Waveforms","19152-WFPQ15INKWINDVT-30-30K2PTRP4-DS40.INI.JPG"
"M:\Drawings\Development_Released\Waveforms","19153-WFPQ15INKWINDVT-30-30K2PTRP6-DS40.ini"
"M:\Drawings\Development_Released\Waveforms","19153-WFPQ15INKWINDVT-30-30K2PTRP6-DS40.INI.JPG"
"M:\Drawings\Development_Released\Waveforms","19154-WFPQ15INKWINDVT-15-40K1PTRP6-DS40.ini"
"M:\Drawings\Development_Released\Waveforms","19154-WFPQ15INKWINDVT-15-40K1PTRP6-DS40.INI.JPG"
"M:\Drawings\Development_Released\Waveforms","19179-WFPQ15SHYCLRDVT-30-30K2PTRP4-1BV6.csv"
"M:\Drawings\Development_Released\Waveforms","19179-WFPQ15SHYCLRDVT-30-30K2PTRP4-1BV6.csv.JPG"
"M:\Drawings\Development_Released\Waveforms","19180-WFPQ15SHYCLRDVT-30-30K2PTRP6-1BV6.csv"
"M:\Drawings\Development_Released\Waveforms","19180-WFPQ15SHYCLRDVT-30-30K2PTRP6-1BV6.csv.JPG"
"M:\Drawings\Development_Released\Waveforms","19181-WFPQ15SHYCLRDVT-15-40K1PTRP6-1BV6.csv"
"M:\Drawings\Development_Released\Waveforms","19181-WFPQ15SHYCLRDVT-15-40K1PTRP6-1BV6.csv.JPG"
"M:\Drawings\Development_Released\Waveforms","19185-WFPQ15INKWINDVT-30-30K2PTRP4-1BV6.csv"
"M:\Drawings\Development_Released\Waveforms","19185-WFPQ15INKWINDVT-30-30K2PTRP4-1BV6.csv.JPG"
"M:\Drawings\Development_Released\Waveforms","19186-WFPQ15INKWINDVT-30-30K2PTRP6-1BV6.csv"
"M:\Drawings\Development_Released\Waveforms","19186-WFPQ15INKWINDVT-30-30K2PTRP6-1BV6.csv.JPG"
"M:\Drawings\Development_Released\Waveforms","19187-WFPQ15INKWINDVT-15-40K1PTRP6-1BV6.csv"
"M:\Drawings\Development_Released\Waveforms","19187-WFPQ15INKWINDVT-15-40K1PTRP6-1BV6.csv.JPG"
"M:\Drawings\Development_Released\Waveforms","19203-WFQS30-EIN018-85-16K5PRTV4-2BV6.csv"
"M:\Drawings\Development_Released\Waveforms","19203-WFQS30-EIN018-85-16K5PRTV4-2BV6.JPG"
"M:\Drawings\Development_Released\Waveforms","19226-WFQS10WT867m-30-18kQuadTR-2bV6.csv"
"M:\Drawings\Development_Released\Waveforms","19226-WFQS10WT867m-30-18kQuadTR-2bV6.jpg"
"M:\Drawings\Development_Released\Waveforms","19357-WFQS30TOR018-80-12K5PRT42-2BV6.csv"
"M:\Drawings\Development_Released\Waveforms","19357-WFQS30TOR018-80-12K5PRT42-2BV6.JPG"
"M:\Drawings\Development_Released\Waveforms","19358-WFQS30TOR018-80-12K4PTRLP-2BV6.csv"
"M:\Drawings\Development_Released\Waveforms","19358-WFQS30TOR018-80-12K4PTRLP-2BV6.JPG"
"M:\Drawings\Development_Released\Waveforms","19380-WFQA10YKAQCY-30-23K4PXW03-2BV6.csv"
"M:\Drawings\Development_Released\Waveforms","19380-WFQA10YKAQCY-30-23K4PXW03-2BV6.JPG"
"M:\Drawings\Development_Released\Waveforms","19387-WFPQ15UVBXDVT-15-40K1PTRP6-DS40.ini"
"M:\Drawings\Development_Released\Waveforms","19387-WFPQ15UVBXDVT-15-40K1PTRP6-DS40.ini.jpg"
"M:\Drawings\Development_Released\Waveforms","19388-WFPQ15UVBXDVT-30-30K2PTRP6-DS40.ini"
"M:\Drawings\Development_Released\Waveforms","19388-WFPQ15UVBXDVT-30-30K2PTRP6-DS40.ini.jpg"
"M:\Drawings\Development_Released\Waveforms","19389-WFPQ15UVBXDVT-15-40K1PTRP6-1BV6.csv"
"M:\Drawings\Development_Released\Waveforms","19389-WFPQ15UVBXDVT-15-40K1PTRP6-1BV6.csv.JPG"
"M:\Drawings\Development_Released\Waveforms","19390-WFPQ15UVBXDVT-30-30K2PTRP6-1BV6.csv"
"M:\Drawings\Development_Released\Waveforms","19390-WFPQ15UVBXDVT-30-30K2PTRP6-1BV6.csv.JPG"
"M:\Drawings\Development_Released\Waveforms","19420-WFPQ15SK3DVT-15-40K1PTRP6-DS40.ini"
"M:\Drawings\Development_Released\Waveforms","19420-WFPQ15SK3DVT-15-40K1PTRP6-DS40.ini.jpg"
"M:\Drawings\Development_Released\Waveforms","19421-WFPQ15SK3DVT-30-30K2PTRP6-DS40.ini"
"M:\Drawings\Development_Released\Waveforms","19421-WFPQ15SK3DVT-30-30K2PTRP6-DS40.ini.jpg"
"M:\Drawings\Development_Released\Waveforms","19422-WFPQ15SK3DVT-15-40K1PTRP6-1BV6.csv"
"M:\Drawings\Development_Released\Waveforms","19422-WFPQ15SK3DVT-15-40K1PTRP6-1BV6.csv.JPG"
"M:\Drawings\Development_Released\Waveforms","19423-WFPQ15SK3DVT-30-30K2PTRP6-1BV6.csv"
"M:\Drawings\Development_Released\Waveforms","19423-WFPQ15SK3DVT-30-30K2PTRP6-1BV6.csv.JPG"
"M:\Drawings\Development_Released\Waveforms","19665-WFQS30MFLDVT-30-43K1PTKLP-1BV6.csv"
"M:\Drawings\Development_Released\Waveforms","19665-WFQS30MFLDVT-30-43K1PTKLP-1BV6.csv.JPG"
"M:\Drawings\Development_Released\Waveforms","19943-WFQS80MFLDVT-80-60K1PSTTR-DS40.csv"
"M:\Drawings\Development_Released\Waveforms","19943-WFQS80MFLDVT-80-60K1PSTTR-DS40.csv.JPG"
"M:\Drawings\Development_Released\Waveforms","19944-WFQS80MFLDVT-200-15K3PSTTR-DS40.csv"
"M:\Drawings\Development_Released\Waveforms","19944-WFQS80MFLDVT-200-15K3PSTTR-DS40.csv.JPG"
"M:\Drawings\Development_Released\Waveforms","19945-WFQS80MFLDVT-200-16K4PSTTR-DS40.csv"
"M:\Drawings\Development_Released\Waveforms","19945-WFQS80MFLDVT-200-16K4PSTTR-DS40.csv.JPG"
"M:\Drawings\Development_Released\Waveforms","19946-WFQS80MFLDVT-80-60K1PSTTR-1BV6.ini"
"M:\Drawings\Development_Released\Waveforms","19946-WFQS80MFLDVT-80-60K1PSTTR-1BV6.ini.JPG"
"M:\Drawings\Development_Released\Waveforms","19947-WFQS80MFLDVT-200-15K3PSTTR-1BV6.ini"
"M:\Drawings\Development_Released\Waveforms","19947-WFQS80MFLDVT-200-15K3PSTTR-1BV6.ini.JPG"
"M:\Drawings\Development_Released\Waveforms","19948-WFQS80MFLDVT-200-16K4PSTTR-1BV6.ini"
"M:\Drawings\Development_Released\Waveforms","19948-WFQS80MFLDVT-200-16K4PSTTR-1BV6.ini.JPG"
"M:\Drawings\Development_Released\Waveforms","20093-WFQS30RHODM1-28-25K1P9JSP-1BV6.csv"
"M:\Drawings\Development_Released\Waveforms","20093-WFQS30RHODM1-28-25K1P9JSP-1BV6.jpg"
"M:\Drawings\Development_Released\Waveforms","20326-WFQCLS-ANYINK-ANY74K-1PUNIV-1BV6.csv"
"M:\Drawings\Development_Released\Waveforms","20326-WFQCLS-ANYINK-ANY74K-1PUNIV-1BV6.JPG"
"M:\Drawings\Development_Released\Waveforms","20458-WFQS10WTMgCy-30-18kQuadTR-2bV6.csv"
"M:\Drawings\Development_Released\Waveforms","20458-WFQS10WTMgCy-30-18kQuadTR-2bV6.JPG"
"M:\Drawings\Development_Released\Waveforms","20762-WFPQ15MFLDVT-30-30K2PTRP6-1BV6.csv"
"M:\Drawings\Development_Released\Waveforms","20762-WFPQ15MFLDVT-30-30K2PTRP6-1BV6.csv.JPG"
"M:\Drawings\Development_Released\Waveforms","20763-WFPQ15MFLDVT-30-30K2PTRP6-DS40.ini"
"M:\Drawings\Development_Released\Waveforms","20763-WFPQ15MFLDVT-30-30K2PTRP6-DS40.ini.jpg"
"M:\Drawings\Development_Released\Waveforms","20952-WFPQ15MFLDVT-15-40K1PTRP6-1BV6.csv"
"M:\Drawings\Development_Released\Waveforms","20952-WFPQ15MFLDVT-15-40K1PTRP6-1BV6.CSV.JGP"
"M:\Drawings\Development_Released\Waveforms","20952-WFPQ15MFLDVT-15-40K1PTRP6-1BV6.JPG"
"M:\Drawings\Development_Released\Waveforms","21002-WFQS30-UV7039-30-28K1PWJSP-1BV6.csv"
"M:\Drawings\Development_Released\Waveforms","21002-WFQS30-UV7039-30-28K1PWJSP-1BV6.JPG"
"M:\Drawings\Development_Released\Waveforms","21004-WFQS10AQDPTHV-10-40K1PTKPL-DS40.ini"
"M:\Drawings\Development_Released\Waveforms","21004-WFQS10AQDPTHV-10-40K1PTKPL-DS40.ini.JPG"
"M:\Drawings\Development_Released\Waveforms","21005-WFQS10AQDPTHV-10-40K1PTKPL-1BV6.csv"
"M:\Drawings\Development_Released\Waveforms","21005-WFQS10AQDPTHV-10-40K1PTKPL-1BV6.csv.JPG"
"M:\Drawings\Development_Released\Waveforms","21014-WFPQ35MFLDVT-35-30K1PSTTR-DS40.ini"
"M:\Drawings\Development_Released\Waveforms","21014-WFPQ35MFLDVT-35-30K1PSTTR-DS40.ini.JPG"
"M:\Drawings\Development_Released\Waveforms","21015-WFPQ80MFLDVT-80-20K1PSTTR-DS40.ini"
"M:\Drawings\Development_Released\Waveforms","21015-WFPQ80MFLDVT-80-20K1PSTTR-DS40.ini.JPG"
"M:\Drawings\Development_Released\Waveforms","21023-WFQE10MFLDVT-10-50K1PSTTR-DS40.ini"
"M:\Drawings\Development_Released\Waveforms","21023-WFQE10MFLDVT-10-50K1PSTTR-DS40.ini.JPG"
"M:\Drawings\Development_Released\Waveforms","21024-WFQE30MFLDVT-30-33K1PSTTR-DS40.ini"
"M:\Drawings\Development_Released\Waveforms","21024-WFQE30MFLDVT-30-33K1PSTTR-DS40.ini.JPG"
"M:\Drawings\Development_Released\Waveforms","21025-WFQE80MFLDVT-80-20K1PSTTR-DS40.ini"
"M:\Drawings\Development_Released\Waveforms","21025-WFQE80MFLDVT-80-20K1PSTTR-DS40.ini.JPG"
"M:\Drawings\Development_Released\Waveforms","21027-WFPQ15MFLDVT-15-40K1PSTTR-DS40.ini"
"M:\Drawings\Development_Released\Waveforms","21027-WFPQ15MFLDVT-15-40K1PSTTR-DS40.ini.JPG"
"M:\Drawings\Development_Released\Waveforms","21028-WFQE10MFLDVT-10-50K1PSTTR-1BV6.csv"
"M:\Drawings\Development_Released\Waveforms","21028-WFQE10MFLDVT-10-50K1PSTTR-1BV6.csv.jpg"
"M:\Drawings\Development_Released\Waveforms","21029-WFQE30MFLDVT-30-33K1PSTTR-1BV6.csv"
"M:\Drawings\Development_Released\Waveforms","21029-WFQE30MFLDVT-30-33K1PSTTR-1BV6.csv.jpg"
"M:\Drawings\Development_Released\Waveforms","21030-WFQE80MFLDVT-80-20K1PSTTR-1BV6.csv"
"M:\Drawings\Development_Released\Waveforms","21030-WFQE80MFLDVT-80-20K1PSTTR-1BV6.csv.jpg"
"M:\Drawings\Development_Released\Waveforms","21032-WFPQ35MFLDVT-35-30K1PSTTR-1BV6.csv"
"M:\Drawings\Development_Released\Waveforms","21032-WFPQ35MFLDVT-35-30K1PSTTR-1BV6.csv.jpg"
"M:\Drawings\Development_Released\Waveforms","21033-WFPQ80MFLDVT-80-20K1PSTTR-1BV6.csv"
"M:\Drawings\Development_Released\Waveforms","21033-WFPQ80MFLDVT-80-20K1PSTTR-1BV6.csv.jpg"
"M:\Drawings\Development_Released\Waveforms","21036-WFQE10MFLDVT-20-30K2PSTTR-DS40.ini"
"M:\Drawings\Development_Released\Waveforms","21036-WFQE10MFLDVT-20-30K2PSTTR-DS40.ini.JPG"
"M:\Drawings\Development_Released\Waveforms","21037-WFQE10MFLDVT-30-20K3PSTTR-DS40.ini"
"M:\Drawings\Development_Released\Waveforms","21037-WFQE10MFLDVT-30-20K3PSTTR-DS40.ini.jpg"
"M:\Drawings\Development_Released\Waveforms","21038-WFQE30MFLDVT-50-20K3PSTTR-DS40.ini"
"M:\Drawings\Development_Released\Waveforms","21038-WFQE30MFLDVT-50-20K3PSTTR-DS40.ini.JPG"
"M:\Drawings\Development_Released\Waveforms","21039-WFQE30MFLDVT-80-13K3PSTTR-DS40.ini"
"M:\Drawings\Development_Released\Waveforms","21039-WFQE30MFLDVT-80-13K3PSTTR-DS40.ini.JPG"
"M:\Drawings\Development_Released\Waveforms","21040-WFQE10MFLDVT-20-30K2PSTTR-1BV6.csv"
"M:\Drawings\Development_Released\Waveforms","21040-WFQE10MFLDVT-20-30K2PSTTR-1BV6.csv.JPG"
"M:\Drawings\Development_Released\Waveforms","21041-WFQE10MFLDVT-30-20K3PSTTR-1BV6.csv"
"M:\Drawings\Development_Released\Waveforms","21041-WFQE10MFLDVT-30-20K3PSTTR-1BV6.csv.jpg"
"M:\Drawings\Development_Released\Waveforms","21042-WFQE30MFLDVT-50-20K3PSTTR-1BV6.csv"
"M:\Drawings\Development_Released\Waveforms","21042-WFQE30MFLDVT-50-20K3PSTTR-1BV6.csv.JPG"
"M:\Drawings\Development_Released\Waveforms","21043-WFQE30MFLDVT-80-13K3PSTTR-1BV6.csv"
"M:\Drawings\Development_Released\Waveforms","21043-WFQE30MFLDVT-80-13K3PSTTR-1BV6.csv.JPG"
"M:\Drawings\Development_Released\Waveforms","21375-WFQS10UVBX004-27-23k3PTRP8-2bV9_30ng_SM_YFA_2.ini"
"M:\Drawings\Development_Released\Waveforms","21375-WFQS10UVBX004-27-23k3PTRP8-2bV9_30ng_SM_YFA_2.jpg"
"M:\Drawings\Development_Released\Waveforms","21376-WFQS10UVBX004-27-23k3PTRP8-2bV9_30ng_ME_YFA_2.ini"
"M:\Drawings\Development_Released\Waveforms","21376-WFQS10UVBX004-27-23k3PTRP8-2bV9_30ng_ME_YFA_2.jpg"
"M:\Drawings\Development_Released\Waveforms","21377-WFQS10UVBX004-27-23k3PTRP8-2bV9_30ng_LG_YFA.ini"
"M:\Drawings\Development_Released\Waveforms","21377-WFQS10UVBX004-27-23k3PTRP8-2bV9_30ng_LG_YFA.jpg"
"M:\Drawings\Development_Released\Waveforms","21549_WFQS10YFABlk-28-19kTrplTR-2bV6.csv"
"M:\Drawings\Development_Released\Waveforms","21549_WFQS10YFABlk-28-19kTrplTR-2bV6.JPG"
"M:\Drawings\Development_Released\Waveforms","21593_WFQS10YFABlk-34-19kQuadTR-2bV6.csv"
"M:\Drawings\Development_Released\Waveforms","21593_WFQS10YFABlk-34-19kQuadTR-2bV6.JPG"
"M:\Drawings\Development_Released\Waveforms","22413-WFQE10MPLBLK-35-22KTRIPLE-2BV6.csv"
"M:\Drawings\Development_Released\Waveforms","22413-WFQE10MPLBLK-35-22KTRIPLE-2BV6.jpg"
"M:\Drawings\Development_Released\Waveforms","23076-WFQE10MFLDVT-25-25K2PSTTR-DS40.ini"
"M:\Drawings\Development_Released\Waveforms","23076-WFQE10MFLDVT-25-25K2PSTTR-DS40.ini.jpg"
"M:\Drawings\Development_Released\Waveforms","23077-WFQE10MFLDVT-37.5-15K3PSTTR-DS40.ini"
"M:\Drawings\Development_Released\Waveforms","23077-WFQE10MFLDVT-37.5-15K3PSTTR-DS40.ini.jpg"
"M:\Drawings\Development_Released\Waveforms","23078-WFQE10MFLDVT-25-25K2PSTTR-1BV6.csv"
"M:\Drawings\Development_Released\Waveforms","23078-WFQE10MFLDVT-25-25K2PSTTR-1BV6.csv.jpg"
"M:\Drawings\Development_Released\Waveforms","23079-WFQE10MFLDVT-37.5-15K3PSTTR-1BV6.csv"
"M:\Drawings\Development_Released\Waveforms","23079-WFQE10MFLDVT-37.5-15K3PSTTR-1BV6.csv.jpg"
"M:\Drawings\Development_Released\Waveforms","23358-WFQE30ESGCer-127-13kTrMCP-1bV6.bmp"
"M:\Drawings\Development_Released\Waveforms","23358-WFQE30ESGCer-127-13kTrMCP-1bV6.csv"
"M:\Drawings\Development_Released\Waveforms","23723-WF1024MFLDVT-80-16K-3PSTTR-DS40.ini"
"M:\Drawings\Development_Released\Waveforms","23723-WF1024MFLDVT-80-16K-3PSTTR-DS40.ini.JPG"
"M:\Drawings\Development_Released\Waveforms","23886-WF1024ESGCer-90-16k3P-2bV6.csv"
"M:\Drawings\Development_Released\Waveforms","23886.jpg"
"M:\Drawings\Development_Released\Waveforms","24135_WF1024ESGCER-95-17K3P-2BV6.csv"
"M:\Drawings\Development_Released\Waveforms","24135_WF1024ESGCER-95-17K3P-2BV6_csv.jpg"
"M:\Drawings\Development_Released\Waveforms","24368-WF1024PRVDVT-27-40K1PTRP-DS40.INI"
"M:\Drawings\Development_Released\Waveforms","24368-WF1024PRVDVT-27-40K1PTRP-DS40.INI.jpg"
"M:\Drawings\Development_Released\Waveforms","24369-WF1024PRVDVT-65-16K3PRTRP-DS40.INI"
"M:\Drawings\Development_Released\Waveforms","24369-WF1024PRVDVT-65-16K3PRTRP-DS40.INI.jpg"
"M:\Drawings\Development_Released\Waveforms","25077-WF1024PRVDVT-60-20K2PTRP-DS40.ini"
"M:\Drawings\Development_Released\Waveforms","25077-WF1024PRVDVT-60-20K2PTRP-DS40.INI.jpg"
"M:\Drawings\Development_Released\Waveforms","25787-WF1024MFLDVT-11-50K1PTRP-DS40.ini"
"M:\Drawings\Development_Released\Waveforms","25788-WF1024PRVDVT-80-13K1PTRP-DS40.ini"
"M:\Drawings\Development_Released\Waveforms","25996-WF1024PRVDVT-27-40K1PTRP-1BV6.CSV"
"M:\Drawings\Development_Released\Waveforms","25996-WF1024PRVDVT-27-40K1PTRP-1BV6.CSV.jpg"
"M:\Drawings\Development_Released\Waveforms","25997-WF1024PRVDVT-75-15K3PTRP-1BV6.CSV"
"M:\Drawings\Development_Released\Waveforms","25997-WF1024PRVDVT-75-15K3PTRP-1BV6.CSV.jpg"
"M:\Drawings\Development_Released\Waveforms","25998-WF1024PRVDVT-11-50K1PTRP-1BV6.CSV"
"M:\Drawings\Development_Released\Waveforms","25998-WF1024PRVDVT-11-50K1PTRP-1BV6.CSV.jpg"
"M:\Drawings\Development_Released\Waveforms","25999-WF1024PRVDVT-72-20K1PTRP-1BV6.CSV"
"M:\Drawings\Development_Released\Waveforms","25999-WF1024PRVDVT-72-20K1PTRP-1BV6.CSV.jpg"
"M:\Drawings\Development_Released\Waveforms","26001-WF1024PRVDVT-200-3PTRP-DS40.ini"
"M:\Drawings\Development_Released\Waveforms","26001-WF1024PRVDVT-200-3PTRP-DS40.ini.JPG"
"M:\Drawings\Development_Released\Waveforms","26002-WF1024PRVDVT-200-13K3PTRP-1BV6.CSV"
"M:\Drawings\Development_Released\Waveforms","26002-WF1024PRVDVT-200-13K3PTRP-1BV6.INI.JPG"
"M:\Drawings\Development_Released\Waveforms","26046-WF1024PRVDVT-75-15K3PRTRP-DS40.INI"
"M:\Drawings\Development_Released\Waveforms","26046-WF1024PRVDVT-75-15K3PRTRP-DS40.INI.JPG"
"M:\Drawings\Development_Released\Waveforms","26064-WF1024MFLDVT-11-50K1PTRP-DS40.ini"
"M:\Drawings\Development_Released\Waveforms","26064-WF1024MFLDVT-11-50K1PTRP-DS40.INI.JPG"
"M:\Drawings\Development_Released\Waveforms","26065-WF1024MFLDVT-33-20K3PRTRP-DS40.INI.JPG"
"M:\Drawings\Development_Released\Waveforms","26065-WF1024MFLDVT-33-20K3PTRP-DS40.ini"
"M:\Drawings\Development_Released\Waveforms","26067-WF1024MFLDVT-33-20K3PRTRP-1BV6.CSV"
"M:\Drawings\Development_Released\Waveforms","26067-WF1024MFLDVT-33-20K3PRTRP-1BV6.CSV.JPG"
"M:\Drawings\Development_Released\Waveforms","26068-WF1024MFLDVT-11-50K1PTRP-1BV6.CSV"
"M:\Drawings\Development_Released\Waveforms","26068-WF1024MFLDVT-11-50K1PTRP-1BV6.CSV.JPG"
"M:\Drawings\Development_Released\Waveforms","26350_WF1024SC-ESG-12K-5P-2BV6.csv"
"M:\Drawings\Development_Released\Waveforms","26350_WF1024SC-ESG-12K-5P-2BV6.JPG"
"M:\Drawings\Development_Released\Waveforms","26350_WF1024SC-ESG-12K-5P-2BV6_wLevelAssg.JPG"
"M:\Drawings\Development_Released\Waveforms","26509-WF1024PRVDVT-10-50K1PTRP-DS40.ini"
"M:\Drawings\Development_Released\Waveforms","26509-WF1024PRVDVT-10-50K1PTRP-DS40.ini.jpg"
"M:\Drawings\Development_Released\Waveforms","26510-WF1024PRVDVT-30-20K3PTRP-DS40.ini"
"M:\Drawings\Development_Released\Waveforms","26510-WF1024PRVDVT-30-20K3PTRP-DS40.ini.jpg"
"M:\Drawings\Development_Released\Waveforms","26527-WF1024PRVDVT-10-50K1PTRP-1BV6.CSV"
"M:\Drawings\Development_Released\Waveforms","26527-WF1024PRVDVT-10-50K1PTRP-1BV6.CSV.jpg"
"M:\Drawings\Development_Released\Waveforms","26528-WF1024PRVDVT-30-20K3PRTRP-1BV6.CSV"
"M:\Drawings\Development_Released\Waveforms","26528-WF1024PRVDVT-30-20K3PTRP-1BV6.CSV.jpg"
"M:\Drawings\Development_Released\Waveforms","26889-WFPQR30MFLDVT-90-17K3PSTTR-DS40.ini"
"M:\Drawings\Development_Released\Waveforms","26889-WFPQR30MFLDVT-90-17K3PSTTR-DS40.ini.jpg"
"M:\Drawings\Development_Released\Waveforms","27004-WFQSR40MFLDVT-90-16K3PSTTR-DS40.ini"
"M:\Drawings\Development_Released\Waveforms","27004-WFQSR40MFLDVT-90-16K3PSTTR-DS40.JPG"
"M:\Drawings\Development_Released\Waveforms","27088-WFQSR40PRVDVT-83-16K3PSTTR-DS40.ini"
"M:\Drawings\Development_Released\Waveforms","27088-WFQSR40PRVDVT-83-16K3PSTTR-DS40.JPG"
"M:\Drawings\Development_Released\Waveforms","27184-WF1024MFLDVT-33-20K3PTRP-DS40.ini"
"M:\Drawings\Development_Released\Waveforms","27184-WF1024MFLDVT-33-20K3PTRP-DS40.ini.jpg"
"M:\Drawings\Development_Released\Waveforms","27185-WF1024MFLDVT-33-20K3PTRP-1BV6.CSV"
"M:\Drawings\Development_Released\Waveforms","27185-WF1024MFLDVT-33-20K3PTRP-1BV6.csv.jpg"
"M:\Drawings\Development_Released\Waveforms","28181-WFQSRLPRV-170-13K3PSTTR-DS40.ini"
"M:\Drawings\Development_Released\Waveforms","28181-WFQSRLPRV-170-13K3PSTTR-DS40.ini.JPG"
"M:\Drawings\Development_Released\Waveforms","28240-WFQSRLPRV-170-13K3PSTTR-1BV6.csv"
"M:\Drawings\Development_Released\Waveforms","28240-WFQSRLPRV-170-13K3PSTTR-DS40.csv.JPG"
"M:\Drawings\Development_Released\Waveforms","29336-WFPQR90MFLDVT-90-22K1PSTTR-DS40.ini"
"M:\Drawings\Development_Released\Waveforms","29336-WFPQR90MFLDVT-90-22K1PSTTR-DS40.JPG"
"M:\Drawings\Development_Released\Waveforms","29337-WFPQR90MFLDVT-200-12K2PSTTR-DS40.ini"
"M:\Drawings\Development_Released\Waveforms","29337-WFPQR90MFLDVT-200-12K2PSTTR-DS40.JPG"
"M:\Drawings\Development_Released\Waveforms","29338-WFPQR90MFLDVT-90-22K1PSTTR-1BV6.CSV"
"M:\Drawings\Development_Released\Waveforms","29338-WFPQR90MFLDVT-90-22K1PSTTR-1BV6.CSV.jpg"
"M:\Drawings\Development_Released\Waveforms","29339-WFPQR90MFLDVT-200-12K2PSTTR-1BV6.CSV"
"M:\Drawings\Development_Released\Waveforms","29339-WFPQR90MFLDVT-200-12K2PSTTR-1BV6.CSV.jpg"
"M:\Drawings\Development_Released\Waveforms","29960-WF1024SA-TX-76-QUAD-2BV6.csv"
"M:\Drawings\Development_Released\Waveforms","29960-WF1024SA-TX-76-QUAD-2BV6.JPG"
"M:\Drawings\Development_Released\Waveforms","30097-WFSG1024SATX-20-22k4PTRP-2BV6.csv"
"M:\Drawings\Development_Released\Waveforms","30097-WFSG1024SATX-20-22k4PTRP-2BV6.jpg"
"M:\Drawings\Development_Released\Waveforms","30202-WFSG1024SATX-30-26k3PTRP-2BV6.csv"
"M:\Drawings\Development_Released\Waveforms","30202-WFSG1024SATx-30-26k3PTRP-2BV6.JPG"
"M:\Drawings\Development_Released\Waveforms","30317-WFSG1024SATx-20-23k5PTRP-2BV6.csv"
"M:\Drawings\Development_Released\Waveforms","30317-WFSG1024SATx-20-23k5PTRP-2BV6.JPG"
"M:\Drawings\Development_Released\Waveforms","Thumbs.db"
"M:\Drawings\Development_Released\Waveforms","Waveform_TOC_Development.xls"
"M:\Drawings\Drawing Main\Doc Work","ecovspn.TAB"
"M:\Drawings\Drawing Main\Doc Work","Manufacturer Parts Cross Ref.txt"
"M:\Drawings\Drawing Main\Doc Work","PARTS_DEL.txt"
"M:\Drawings\Drawing Main\Doc Work","QE_PartNumberGeneratorIssues_2009.xls"
"M:\Drawings\Drawing Main\Doc Work","Rev Controlled Docs in Tech Support Manuals.xls"
"M:\Drawings\Drawing Main\Doc Work\DesignChecker","SolidWorks Design Checker English.swstd"
"M:\Drawings\Drawing Main\Doc Work\DesignChecker","SolidWorks Design Checker Metric.swstd"
"M:\Drawings\Drawing Main\Doc Work\DesignChecker","swdictionary.dic"
"M:\Drawings\Drawing Main\Doc Work\DesignChecker","swengineering.dic"
"M:\Drawings\Drawing Main\Doc Work\obs","backup of pmlist convert.xls"
"M:\Drawings\Drawing Main\Doc Work\obs","FMProList.tab"
"M:\Drawings\Drawing Main\Doc Work\obs","Manufacturer Parts Cross Ref bak.txt"
"M:\Drawings\Drawing Main\Doc Work\obs","mfr2.xls"
"M:\Drawings\Drawing Main\Doc Work\obs","PARTS_DEL.txt"
"M:\Drawings\Drawing Main\Doc Work\obs","pmlist convert.xls"
"M:\Drawings\Drawing Main\Doc Work\obs","PMlistWithUDFs.tab"
"M:\Drawings\Drawing Main\Doc Work\obs","Shortcut to Manufacturer Parts Cross Ref.txt.lnk"
"M:\Drawings\Drawing Main\Doc Work\obs","Shortcut to mfr2.xls.lnk"
"M:\Drawings\Drawing Main\Doc Work\oddity","160 pns.xls"
"M:\Drawings\Drawing Main\Doc Work\oddity","Manufacturer Parts Cross Ref.txt"
"M:\Drawings\Drawing Main\Doc Work\oddity","not 7033877--Model.dwf"
"M:\Drawings\Drawing Main\Doc Work\oddity","not 7033877-.dwg"
"M:\Drawings\Drawing Main\Doc Work\oddity","PARTS_DEL.txt"
"M:\Drawings\Drawing Main\Doc Work\partfind","partfind.xls"
"M:\Drawings\Drawing Main\Doc Work\partfind","partfind.zip"
"M:\Drawings\Drawing Main\Folder Settings","Folder.htt"
